date,customer_id,product,price,quantity,coupon_code,shipping_city,order_id_original,region_original,sales_channel_original,unit_cost_original,total_revenue_csv,discount_rate,discount_amount,subtotal,final_total,days_since_purchase
2014-10-18 00:00:00,686800706,Fruits,437.2,8446,FREESHIP15,Tripoli,686800706,Middle East and North Africa,Offline,263.33,3692591.2,0.0,0.0,3692591.1999999997,3692591.1999999997,1012
2011-11-07 00:00:00,185941302,Vegetables,0.0,2,,Ottawa,185941302,North America,Online,90.93,464953.08,0.0,0.0,0.0,0.0,2088
2016-10-31 00:00:00,246222341,Baby Food,255.28,1517,SAVE20,Tripoli,246222341,Middle East and North Africa,Offline,159.42,387259.76,0.2,77451.952,387259.76,309807.808,268
2010-04-10 00:00:00,161442649,Cereal,205.7,3322,FREESHIP15,Tokyo,161442649,Asia,Offline,117.11,683335.4,0.0,0.0,683335.3999999999,683335.3999999999,2664
2011-08-16 00:00:00,645713555,Fruits,9.33,9845,NOCODE,N’Djamena,645713555,Sub-Saharan Africa,Offline,6.92,91853.85,0.0,0.0,91853.85,91853.85,2171
2014-11-24 00:00:00,683458888,Cereal,205.7,9528,,Yerevan,683458888,Europe,Online,117.11,1959909.6,0.0,0.0,1959909.5999999999,1959909.5999999999,975
2015-03-04 00:00:00,679414975,Cereal,205.7,2844,NOCODE,Asmara,679414975,Sub-Saharan Africa,Online,117.11,585010.8,0.0,0.0,585010.7999999999,585010.7999999999,875
2012-05-17 00:00:00,208630645,Clothes,109.28,7299,SAVE20,Podgorica,208630645,Europe,Offline,35.84,797634.72,0.2,159526.94400000002,797634.72,638107.7760000001,1896
2015-01-29 00:00:00,266467225,Vegetables,154.06,2428,FREESHIP15,Kingston,266467225,Central America and the Caribbean,Online,90.93,374057.68,0.0,0.0,374057.68,374057.68,909
2013-12-24 00:00:00,118598544,Vegetables,154.06,4800,,Suva,118598544,Australia and Oceania,Offline,90.93,739488.0,0.0,0.0,739488.0,739488.0,1310
2015-12-29 00:00:00,451010930,Clothes,109.28,3012,,Lomé,451010930,Sub-Saharan Africa,Online,35.84,329151.36,0.0,0.0,329151.36,329151.36,575
2010-02-27 00:00:00,220003211,Snacks,152.58,2694,SAVE10,Podgorica,220003211,Europe,Offline,97.44,411050.52,0.1,41105.052,411050.52,369945.46800000005,2706
2016-11-17 00:00:00,702186715,Household,668.27,1508,,Athens,702186715,Europe,Online,502.54,1007751.16,0.0,0.0,1007751.1599999999,1007751.1599999999,251
2015-12-20 00:00:00,544485270,Cosmetics,437.2,4146,NOCODE,Khartoum,544485270,Sub-Saharan Africa,Online,263.33,1812631.2,0.0,0.0,1812631.2,1812631.2,584
2011-01-08 00:00:00,714135205,Fruits,9.33,7332,NOCODE,Male,714135205,Asia,Offline,6.92,68407.56,0.0,0.0,68407.56,68407.56,2391
2010-06-28 00:00:00,448685348,Clothes,109.28,4820,SAVE20,Podgorica,448685348,Europe,Offline,35.84,526729.6,0.2,105345.92,526729.6,421383.68,2585
2016-04-25 00:00:00,405997025,Office Supplies,651.21,2397,SAVE20,Tallinn,405997025,Europe,Online,524.96,1560950.37,0.2,312190.074,1560950.37,1248760.296,457
2012-07-27 00:00:00,414244067,Beverages,47.45,2880,,Sisimiut,414244067,North America,Online,31.79,136656.0,0.0,0.0,136656.0,136656.0,1825
2014-09-08 00:00:00,821912801,Clothes,109.28,1117,SAVE20,Cape Verde,821912801,Sub-Saharan Africa,Online,35.84,122065.76,0.2,24413.152000000002,122065.76,97652.60800000001,1052
2012-08-27 00:00:00,247802054,Household,668.27,8989,SAVE20,Dakar,247802054,Sub-Saharan Africa,Offline,502.54,6007079.03,0.2,1201415.806,6007079.03,4805663.224,1794
2012-09-03 00:00:00,531023156,Snacks,152.58,407,SAVE20,Federated States of Micronesia,531023156,Australia and Oceania,Online,97.44,62100.06,0.2,12420.012000000002,62100.060000000005,49680.04800000001,1787
2010-08-27 00:00:00,880999934,Clothes,109.28,6313,,Sofia,880999934,Europe,Online,35.84,689884.64,0.0,0.0,689884.64,689884.64,2525
2011-02-20 00:00:00,127468717,Personal Care,81.73,9681,,Algiers,127468717,Middle East and North Africa,Online,56.67,791228.13,0.0,0.0,791228.13,791228.13,2348
2015-12-12 00:00:00,770478332,Clothes,109.28,515,,Ulaanbaatar,770478332,Asia,Online,35.84,56279.2,0.0,0.0,56279.2,56279.2,592
2012-10-28 00:00:00,430390107,Cereal,205.7,852,FREESHIP15,Saint George’s,430390107,Central America and the Caribbean,Online,117.11,175256.4,0.0,0.0,175256.4,175256.4,1732
2017-01-30 00:00:00,397877871,Beverages,47.45,9759,SAVE20,Saint George’s,397877871,Central America and the Caribbean,Online,31.79,463064.55,0.2,92612.91000000002,463064.55000000005,370451.6400000001,177
2014-10-22 00:00:00,683927953,Beverages,47.45,8334,SAVE10,Dakar,683927953,Sub-Saharan Africa,Offline,31.79,395448.3,0.1,39544.83000000001,395448.30000000005,355903.47000000003,1008
2012-01-31 00:00:00,469839179,Fruits,9.33,4709,SAVE20,Sisimiut,469839179,North America,Offline,6.92,43934.97,0.2,8786.994,43934.97,35147.976,2003
2016-01-20 00:00:00,357222878,Meat,421.89,9043,,N’Djamena,357222878,Sub-Saharan Africa,Offline,364.69,3815151.27,0.0,0.0,3815151.27,3815151.27,553
2016-01-01 00:00:00,118002879,Personal Care,81.73,8529,,Port Louis,118002879,Sub-Saharan Africa,Online,56.67,697075.17,0.0,0.0,697075.17,697075.17,572
2017-06-01 00:00:00,944415509,Beverages,47.45,2391,,Rabat,944415509,Middle East and North Africa,Offline,31.79,113452.95,0.0,0.0,113452.95000000001,113452.95000000001,55
2015-06-30 00:00:00,499009597,Office Supplies,651.21,6884,,Tegucigalpa,499009597,Central America and the Caribbean,Online,524.96,4482929.64,0.0,0.0,4482929.640000001,4482929.640000001,757
2014-01-28 00:00:00,564646470,Fruits,9.33,293,,Cotonou,564646470,Sub-Saharan Africa,Online,6.92,2733.69,0.0,0.0,2733.69,2733.69,1275
2014-04-08 00:00:00,294499957,Baby Food,255.28,7937,,Athens,294499957,Europe,Offline,159.42,2026157.36,0.0,0.0,2026157.36,2026157.36,1205
2010-09-04 00:00:00,262056386,Beverages,47.45,7163,,Kingston,262056386,Central America and the Caribbean,Offline,31.79,339884.35,0.0,0.0,339884.35000000003,339884.35000000003,2517
2010-05-02 00:00:00,211114585,Office Supplies,651.21,2352,,Malabo,211114585,Sub-Saharan Africa,Online,524.96,1531645.92,0.0,0.0,1531645.9200000002,1531645.9200000002,2642
2013-10-03 00:00:00,405785882,Office Supplies,651.21,9915,SAVE20,Mbabane,405785882,Sub-Saharan Africa,Offline,524.96,6456747.15,0.2,1291349.4300000002,6456747.15,5165397.720000001,1392
2011-03-06 00:00:00,280494105,Vegetables,154.06,3294,SAVE20,Trinidad and Tobago,280494105,Central America and the Caribbean,Offline,90.93,507473.64,0.2,101494.728,507473.64,405978.912,2334
2016-08-07 00:00:00,689975583,Baby Food,255.28,7963,,Stockholm,689975583,Europe,Online,159.42,2032794.64,0.0,0.0,2032794.64,2032794.64,353
2011-01-11 00:00:00,759279143,Office Supplies,651.21,6426,,Minsk,759279143,Europe,Online,524.96,4184675.46,0.0,0.0,4184675.4600000004,4184675.4600000004,2388
2014-05-21 00:00:00,133766114,Office Supplies,651.21,3221,,Bissau,133766114,Sub-Saharan Africa,Offline,524.96,2097547.41,0.0,0.0,2097547.41,2097547.41,1162
2013-08-03 00:00:00,329110324,Beverages,47.45,9913,,Ulaanbaatar,329110324,Asia,Online,31.79,470371.85,0.0,0.0,470371.85000000003,470371.85000000003,1453
2011-10-05 00:00:00,681298100,Meat,421.89,103,,Ankara,681298100,Middle East and North Africa,Online,364.69,43454.67,0.0,0.0,43454.67,43454.67,2121
2016-11-15 00:00:00,596628272,Snacks,152.58,4419,SAVE10,Bangui,596628272,Sub-Saharan Africa,Offline,97.44,674251.02,0.1,67425.102,674251.02,606825.9180000001,253
2015-04-03 00:00:00,901712167,Office Supplies,651.21,5523,NOCODE,Malabo,901712167,Sub-Saharan Africa,Offline,524.96,3596632.83,0.0,0.0,3596632.83,3596632.83,845
2013-03-22 00:00:00,693473613,Beverages,47.45,3107,NOCODE,Vientiane,693473613,Asia,Online,31.79,147427.15,0.0,0.0,147427.15000000002,147427.15000000002,1587
2010-08-02 00:00:00,489148938,Meat,421.89,8896,SAVE20,Yerevan,489148938,Europe,Online,364.69,3753133.44,0.2,750626.6880000001,3753133.44,3002506.7520000003,2550
2012-01-05 00:00:00,876286971,Household,668.27,1643,NOCODE,Athens,876286971,Europe,Online,502.54,1097967.61,0.0,0.0,1097967.6099999999,1097967.6099999999,2029
2015-08-26 00:00:00,262749040,Personal Care,81.73,2135,NOCODE,Jerusalem,262749040,Middle East and North Africa,Offline,56.67,174493.55,0.0,0.0,174493.55000000002,174493.55000000002,700
2016-12-09 00:00:00,726708972,Meat,421.89,8189,FREESHIP15,Thimphu,726708972,Asia,Online,364.69,3454857.21,0.0,0.0,3454857.21,3454857.21,229
2012-05-17 00:00:00,366653096,Vegetables,154.06,9654,,Port-Vila,366653096,Australia and Oceania,Online,90.93,1487295.24,0.0,0.0,1487295.24,1487295.24,1896
2010-11-17 00:00:00,951380240,Vegetables,154.06,3410,,Bujumbura,951380240,Sub-Saharan Africa,Online,90.93,525344.6,0.0,0.0,525344.6,525344.6,2443
2014-11-13 00:00:00,270001733,Cosmetics,437.2,8368,SAVE20,Kyiv,270001733,Europe,Online,263.33,3658489.6,0.2,731697.92,3658489.6,2926791.68,986
2016-06-16 00:00:00,681941401,Beverages,47.45,470,,Zagreb,681941401,Europe,Online,31.79,22301.5,0.0,0.0,22301.5,22301.5,405
2016-05-31 00:00:00,566935575,Fruits,9.33,7690,NOCODE,Antananarivo,566935575,Sub-Saharan Africa,Online,6.92,71747.7,0.0,0.0,71747.7,71747.7,421
2012-10-06 00:00:00,175033080,Snacks,152.58,5033,,Kuala Lumpur,175033080,Asia,Offline,97.44,767935.14,0.0,0.0,767935.14,767935.14,1754
2012-03-10 00:00:00,276595246,Office Supplies,651.21,9535,FREESHIP15,Tashkent,276595246,Asia,Offline,524.96,6209287.35,0.0,0.0,6209287.350000001,6209287.350000001,1964
2011-01-26 00:00:00,812295901,Office Supplies,651.21,5263,,Rome,812295901,Europe,Online,524.96,3427318.23,0.0,0.0,3427318.23,3427318.23,2373
2014-06-02 00:00:00,443121373,Vegetables,154.06,8316,SAVE10,Kathmandu,443121373,Asia,Offline,90.93,1281162.96,0.1,128116.296,1281162.96,1153046.664,1150
2016-12-17 00:00:00,600370490,Personal Care,81.73,1824,SAVE10,Suva,600370490,Australia and Oceania,Offline,56.67,149075.52,0.1,14907.552000000003,149075.52000000002,134167.96800000002,221
2014-06-27 00:00:00,535654580,Office Supplies,651.21,949,SAVE10,Lisbon,535654580,Europe,Online,524.96,617998.29,0.1,61799.829000000005,617998.29,556198.461,1125
2015-03-17 00:00:00,470897471,Cosmetics,437.2,7881,NOCODE,Panama City,470897471,Central America and the Caribbean,Offline,263.33,3445573.2,0.0,0.0,3445573.1999999997,3445573.1999999997,862
2013-04-03 00:00:00,248335492,Beverages,47.45,6846,FREESHIP15,Minsk,248335492,Europe,Offline,31.79,324842.7,0.0,0.0,324842.7,324842.7,1575
2015-03-08 00:00:00,680517470,Clothes,109.28,9097,NOCODE,Gaborone,680517470,Sub-Saharan Africa,Offline,35.84,994120.16,0.0,0.0,994120.16,994120.16,871
2013-06-21 00:00:00,400304734,Personal Care,81.73,7921,,Dar es Salaam,400304734,Sub-Saharan Africa,Online,56.67,647383.33,0.0,0.0,647383.3300000001,647383.3300000001,1496
2013-01-06 00:00:00,810871112,Office Supplies,651.21,3636,SAVE10,Bucharest,810871112,Europe,Offline,524.96,2367799.56,0.1,236779.956,2367799.56,2131019.6040000003,1662
2012-03-17 00:00:00,235702931,Cereal,205.7,8590,SAVE20,Bamako,235702931,Sub-Saharan Africa,Online,117.11,1766963.0,0.2,353392.60000000003,1766963.0,1413570.4000000001,1957
2014-04-18 00:00:00,668599021,Office Supplies,651.21,2163,FREESHIP15,Bangui,668599021,Sub-Saharan Africa,Offline,524.96,1408567.23,0.0,0.0,1408567.23,1408567.23,1195
2016-01-03 00:00:00,123670709,Baby Food,255.28,5766,,Niamey,123670709,Sub-Saharan Africa,Online,159.42,1471944.48,0.0,0.0,1471944.48,1471944.48,570
2011-05-12 00:00:00,285341823,Office Supplies,651.21,7841,SAVE20,Vienna,285341823,Europe,Online,524.96,5106137.61,0.2,1021227.5220000001,5106137.61,4084910.0880000005,2267
2010-07-29 00:00:00,658348691,Fruits,9.33,8862,,New Delhi,658348691,Asia,Online,6.92,82682.46,0.0,0.0,82682.46,82682.46,2554
2013-08-02 00:00:00,817740142,Baby Food,255.28,6335,,Luxembourg,817740142,Europe,Offline,159.42,1617198.8,0.0,0.0,1617198.8,1617198.8,1454
2013-10-23 00:00:00,858877503,Beverages,47.45,9794,SAVE20,Cape Verde,858877503,Sub-Saharan Africa,Offline,31.79,464725.3,0.2,92945.06000000001,464725.30000000005,371780.24000000005,1372
2017-02-05 00:00:00,947434604,Vegetables,154.06,5808,,Stockholm,947434604,Europe,Offline,90.93,894780.48,0.0,0.0,894780.48,894780.48,171
2015-03-20 00:00:00,869397771,Meat,421.89,2975,,Reykjavík,869397771,Europe,Offline,364.69,1255122.75,0.0,0.0,1255122.75,1255122.75,859
2012-05-06 00:00:00,481065833,Personal Care,81.73,6925,FREESHIP15,Doha,481065833,Middle East and North Africa,Offline,56.67,565980.25,0.0,0.0,565980.25,565980.25,1907
2013-09-30 00:00:00,159050118,Meat,421.89,5319,,Juba,159050118,Sub-Saharan Africa,Online,364.69,2244032.91,0.0,0.0,2244032.91,2244032.91,1395
2014-05-20 00:00:00,350274455,Office Supplies,651.21,2850,SAVE20,London,350274455,Europe,Online,524.96,1855948.5,0.2,371189.7,1855948.5,1484758.8,1163
2010-04-09 00:00:00,221975171,Cereal,205.7,6241,,Tunis,221975171,Middle East and North Africa,Online,117.11,1283773.7,0.0,0.0,1283773.7,1283773.7,2665
2017-06-09 00:00:00,811701095,Office Supplies,651.21,9247,,United States of America,811701095,North America,Online,524.96,6021738.87,0.0,0.0,6021738.87,6021738.87,47
2015-02-08 00:00:00,977313554,Cereal,205.7,7653,,Monrovia,977313554,Sub-Saharan Africa,Online,117.11,1574222.1,0.0,0.0,1574222.0999999999,1574222.0999999999,899
2010-01-25 00:00:00,546986377,Snacks,152.58,4279,,Asmara,546986377,Sub-Saharan Africa,Offline,97.44,652889.82,0.0,0.0,652889.8200000001,652889.8200000001,2739
2010-03-07 00:00:00,769205892,Fruits,9.33,3972,,South Korea,769205892,Asia,Offline,6.92,37058.76,0.0,0.0,37058.76,37058.76,2698
2013-01-03 00:00:00,262770926,Clothes,109.28,8611,NOCODE,Nairobi,262770926,Sub-Saharan Africa,Offline,35.84,941010.08,0.0,0.0,941010.08,941010.08,1665
2017-03-06 00:00:00,866792809,Snacks,152.58,2109,,Kigali,866792809,Sub-Saharan Africa,Online,97.44,321791.22,0.0,0.0,321791.22000000003,321791.22000000003,142
2011-01-09 00:00:00,890695369,Beverages,47.45,5408,,Havana,890695369,Central America and the Caribbean,Offline,31.79,256609.6,0.0,0.0,256609.6,256609.6,2390
2014-03-27 00:00:00,964214932,Cereal,205.7,1480,,Tripoli,964214932,Middle East and North Africa,Offline,117.11,304436.0,0.0,0.0,304436.0,304436.0,1217
2013-06-28 00:00:00,887400329,Snacks,152.58,332,,Czech Republic,887400329,Europe,Online,97.44,50656.56,0.0,0.0,50656.560000000005,50656.560000000005,1489
2011-09-04 00:00:00,980612885,Beverages,47.45,3999,,Podgorica,980612885,Europe,Offline,31.79,189752.55,0.0,0.0,189752.55000000002,189752.55000000002,2152
2016-07-14 00:00:00,734526431,Clothes,109.28,1549,,Podgorica,734526431,Europe,Offline,35.84,169274.72,0.0,0.0,169274.72,169274.72,377
2014-02-23 00:00:00,160127294,Baby Food,255.28,4079,NOCODE,Manila,160127294,Asia,Online,159.42,1041287.12,0.0,0.0,1041287.12,1041287.12,1249
2010-08-07 00:00:00,238714301,Clothes,109.28,9721,,San Salvador,238714301,Central America and the Caribbean,Offline,35.84,1062310.88,0.0,0.0,1062310.8800000001,1062310.8800000001,2545
2013-01-14 00:00:00,671898782,Household,668.27,8635,,Nuku‘alofa,671898782,Australia and Oceania,Online,502.54,5770511.45,0.0,0.0,5770511.45,5770511.45,1654
2010-09-30 00:00:00,331604564,Personal Care,81.73,8014,,Democratic Republic of the Congo,331604564,Sub-Saharan Africa,Offline,56.67,654984.22,0.0,0.0,654984.2200000001,654984.2200000001,2491
2016-10-13 00:00:00,410067975,Cereal,205.7,7081,,Kabul,410067975,Middle East and North Africa,Online,117.11,1456561.7,0.0,0.0,1456561.7,1456561.7,286
2011-03-16 00:00:00,369837844,Snacks,152.58,2091,FREESHIP15,Funafuti,369837844,Australia and Oceania,Offline,97.44,319044.78,0.0,0.0,319044.78,319044.78,2324
2012-12-26 00:00:00,193775498,Fruits,9.33,1331,SAVE10,Khartoum,193775498,Sub-Saharan Africa,Online,6.92,12418.23,0.1,1241.823,12418.23,11176.407,1673
2015-09-02 00:00:00,835054767,Clothes,109.28,117,,Niamey,835054767,Sub-Saharan Africa,Online,35.84,12785.76,0.0,0.0,12785.76,12785.76,693
2013-11-11 00:00:00,167161977,Household,668.27,5798,SAVE10,Libreville,167161977,Sub-Saharan Africa,Offline,502.54,3874629.46,0.1,387462.946,3874629.46,3487166.514,1353
2014-08-04 00:00:00,633895957,Vegetables,154.06,2755,SAVE10,East Timor,633895957,Australia and Oceania,Offline,90.93,424435.3,0.1,42443.53,424435.3,381991.77,1087
2010-10-21 00:00:00,699368035,Clothes,109.28,7398,SAVE10,United States of America,699368035,North America,Offline,35.84,808453.44,0.1,80845.34400000001,808453.4400000001,727608.096,2470
2015-06-13 00:00:00,698002040,Vegetables,154.06,3170,,Amman,698002040,Middle East and North Africa,Offline,90.93,488370.2,0.0,0.0,488370.2,488370.2,774
2012-03-29 00:00:00,584534299,Snacks,152.58,5544,,Nicosia,584534299,Europe,Offline,97.44,845903.52,0.0,0.0,845903.52,845903.52,1945
2012-06-22 00:00:00,384013640,Vegetables,154.06,7025,FREESHIP15,Lilongwe,384013640,Sub-Saharan Africa,Online,90.93,1082271.5,0.0,0.0,1082271.5,1082271.5,1860
2013-05-10 00:00:00,641801393,Personal Care,81.73,2149,,Reykjavík,641801393,Europe,Online,56.67,175637.77,0.0,0.0,175637.77000000002,175637.77000000002,1538
2016-12-10 00:00:00,173571383,Personal Care,81.73,2484,SAVE20,Jerusalem,173571383,Middle East and North Africa,Online,56.67,203017.32,0.2,40603.46400000001,203017.32,162413.85600000003,228
2011-03-20 00:00:00,115309941,Snacks,152.58,1629,,Abu Dhabi,115309941,Middle East and North Africa,Offline,97.44,248552.82,0.0,0.0,248552.82,248552.82,2320
2011-09-22 00:00:00,773315894,Cosmetics,437.2,213,,Beijing,773315894,Asia,Offline,263.33,93123.6,0.0,0.0,93123.59999999999,93123.59999999999,2134
2012-05-11 00:00:00,274200570,Beverages,47.45,897,NOCODE,Nairobi,274200570,Sub-Saharan Africa,Online,31.79,42562.65,0.0,0.0,42562.65,42562.65,1902
2011-11-15 00:00:00,414887797,Clothes,109.28,3374,,Mogadishu,414887797,Middle East and North Africa,Offline,35.84,368710.72,0.0,0.0,368710.72000000003,368710.72000000003,2080
2010-01-27 00:00:00,812613904,Beverages,47.45,9367,,Nuku‘alofa,812613904,Australia and Oceania,Offline,31.79,444464.15,0.0,0.0,444464.15,444464.15,2737
2011-08-17 00:00:00,254927718,Baby Food,255.28,7632,,Dhaka,254927718,Asia,Online,159.42,1948296.96,0.0,0.0,1948296.96,1948296.96,2170
2014-09-06 00:00:00,749690568,Beverages,47.45,8954,,Cairo,749690568,Middle East and North Africa,Offline,31.79,424867.3,0.0,0.0,424867.30000000005,424867.30000000005,1054
2014-09-03 00:00:00,775076282,Cereal,205.7,1150,NOCODE,Asmara,775076282,Sub-Saharan Africa,Offline,117.11,236555.0,0.0,0.0,236555.0,236555.0,1057
2015-09-05 00:00:00,229571187,Office Supplies,651.21,4071,SAVE20,Mbabane,229571187,Sub-Saharan Africa,Online,524.96,2651075.91,0.2,530215.182,2651075.91,2120860.728,690
2011-06-20 00:00:00,881974112,Baby Food,255.28,4594,,Hanoi,881974112,Asia,Online,159.42,1172756.32,0.0,0.0,1172756.32,1172756.32,2228
2012-01-12 00:00:00,521396386,Snacks,152.58,1632,,Majuro,521396386,Australia and Oceania,Online,97.44,249010.56,0.0,0.0,249010.56000000003,249010.56000000003,2022
2017-01-23 00:00:00,607261836,Household,668.27,1127,NOCODE,Taipei,607261836,Asia,Online,502.54,753140.29,0.0,0.0,753140.29,753140.29,184
2012-03-04 00:00:00,419306790,Vegetables,154.06,1052,,Dublin,419306790,Europe,Online,90.93,162071.12,0.0,0.0,162071.12,162071.12,1970
2010-07-18 00:00:00,207580077,Meat,421.89,6413,SAVE10,Kigali,207580077,Sub-Saharan Africa,Offline,364.69,2705580.57,0.1,270558.057,2705580.57,2435022.513,2565
2011-04-12 00:00:00,742443025,Snacks,152.58,4245,SAVE20,Stockholm,742443025,Europe,Online,97.44,647702.1,0.2,129540.42000000003,647702.1000000001,518161.6800000001,2297
2010-10-03 00:00:00,164569461,Snacks,152.58,8615,,Libreville,164569461,Sub-Saharan Africa,Offline,97.44,1314476.7,0.0,0.0,1314476.7000000002,1314476.7000000002,2488
2013-12-29 00:00:00,734945714,Baby Food,255.28,5624,,Cape Town,734945714,Sub-Saharan Africa,Online,159.42,1435694.72,0.0,0.0,1435694.72,1435694.72,1305
2015-09-19 00:00:00,284870612,Clothes,109.28,8399,NOCODE,London,284870612,Europe,Offline,35.84,917842.72,0.0,0.0,917842.72,917842.72,676
2011-09-17 00:00:00,765955483,Fruits,9.33,2104,,Tirana,765955483,Europe,Offline,6.92,19630.32,0.0,0.0,19630.32,19630.32,2139
2010-03-11 00:00:00,600124156,Snacks,152.58,8929,,Kuala Lumpur,600124156,Asia,Offline,97.44,1362386.82,0.0,0.0,1362386.82,1362386.82,2694
2012-11-10 00:00:00,529612958,Household,668.27,3098,SAVE10,Accra,529612958,Sub-Saharan Africa,Offline,502.54,2070300.46,0.1,207030.046,2070300.46,1863270.414,1719
2011-02-16 00:00:00,466970717,Clothes,109.28,5867,FREESHIP15,Havana,466970717,Central America and the Caribbean,Offline,35.84,641145.76,0.0,0.0,641145.76,641145.76,2352
2012-08-13 00:00:00,845058763,Cosmetics,437.2,522,,Castries,845058763,Central America and the Caribbean,Online,263.33,228218.4,0.0,0.0,228218.4,228218.4,1808
2014-08-28 00:00:00,367050921,Snacks,152.58,7379,,Bucharest,367050921,Europe,Offline,97.44,1125887.82,0.0,0.0,1125887.82,1125887.82,1063
2015-08-19 00:00:00,956433522,Office Supplies,651.21,8788,,Lisbon,956433522,Europe,Online,524.96,5722833.48,0.0,0.0,5722833.48,5722833.48,707
2011-03-20 00:00:00,107005393,Beverages,47.45,4129,SAVE10,Skopje,107005393,Europe,Online,31.79,195921.05,0.1,19592.105000000003,195921.05000000002,176328.945,2320
2013-04-16 00:00:00,332877862,Beverages,47.45,4811,FREESHIP15,Beijing,332877862,Asia,Offline,31.79,228281.95,0.0,0.0,228281.95,228281.95,1562
2015-11-13 00:00:00,618474757,Baby Food,255.28,9279,,Berlin,618474757,Europe,Online,159.42,2368743.12,0.0,0.0,2368743.12,2368743.12,621
2014-01-10 00:00:00,468532407,Household,668.27,8006,SAVE20,Dublin,468532407,Europe,Online,502.54,5350169.62,0.2,1070033.924,5350169.62,4280135.696,1293
2015-04-09 00:00:00,358099639,Office Supplies,651.21,8496,FREESHIP15,Warsaw,358099639,Europe,Offline,524.96,5532680.16,0.0,0.0,5532680.16,5532680.16,839
2013-01-07 00:00:00,382537782,Household,668.27,285,,Windhoek,382537782,Sub-Saharan Africa,Online,502.54,190456.95,0.0,0.0,190456.94999999998,190456.94999999998,1661
2013-02-12 00:00:00,707520663,Personal Care,81.73,9942,SAVE20,Tashkent,707520663,Asia,Offline,56.67,812559.66,0.2,162511.93200000003,812559.66,650047.7280000001,1625
2014-11-28 00:00:00,219034612,Meat,421.89,6064,SAVE10,Harare,219034612,Sub-Saharan Africa,Online,364.69,2558340.96,0.1,255834.09600000002,2558340.96,2302506.864,971
2015-01-03 00:00:00,573378455,Meat,421.89,4281,NOCODE,Ulaanbaatar,573378455,Asia,Offline,364.69,1806111.09,0.0,0.0,1806111.0899999999,1806111.0899999999,935
2011-02-03 00:00:00,347163522,Personal Care,81.73,2256,,Oslo,347163522,Europe,Online,56.67,184382.88,0.0,0.0,184382.88,184382.88,2365
2013-04-09 00:00:00,887313640,Snacks,152.58,4679,,Muscat,887313640,Middle East and North Africa,Offline,97.44,713921.82,0.0,0.0,713921.8200000001,713921.8200000001,1569
2017-07-26 00:00:00,461065137,Cosmetics,437.2,8275,,Belgrade,461065137,Europe,Online,263.33,3617830.0,0.0,0.0,3617830.0,3617830.0,0
2017-04-15 00:00:00,105966842,Fruits,9.33,6798,,Democratic Republic of the Congo,105966842,Sub-Saharan Africa,Offline,6.92,63425.34,0.0,0.0,63425.340000000004,63425.340000000004,102
2014-05-16 00:00:00,479880082,Baby Food,255.28,6035,FREESHIP15,Sofia,479880082,Europe,Online,159.42,1540614.8,0.0,0.0,1540614.8,1540614.8,1167
2015-08-12 00:00:00,510978686,Baby Food,255.28,8803,,Bandar Seri Begawan,510978686,Asia,Online,159.42,2247229.84,0.0,0.0,2247229.84,2247229.84,714
2013-09-20 00:00:00,547748982,Snacks,152.58,9951,,Belgrade,547748982,Europe,Offline,97.44,1518323.58,0.0,0.0,1518323.58,1518323.58,1405
2013-10-31 00:00:00,108989799,Cereal,205.7,1358,,Accra,108989799,Sub-Saharan Africa,Offline,117.11,279340.6,0.0,0.0,279340.6,279340.6,1364
2014-07-30 00:00:00,133812463,Cereal,205.7,6936,,Lilongwe,133812463,Sub-Saharan Africa,Offline,117.11,1426735.2,0.0,0.0,1426735.2,1426735.2,1092
2011-11-12 00:00:00,731640803,Fruits,9.33,7627,NOCODE,Harare,731640803,Sub-Saharan Africa,Offline,6.92,71159.91,0.0,0.0,71159.91,71159.91,2083
2010-03-25 00:00:00,732211148,Snacks,152.58,6405,,Nicosia,732211148,Europe,Offline,97.44,977274.9,0.0,0.0,977274.9,977274.9,2680
2011-07-04 00:00:00,835572326,Cereal,205.7,3274,SAVE20,Managua,835572326,Central America and the Caribbean,Online,117.11,673461.8,0.2,134692.36,673461.7999999999,538769.44,2214
2011-01-01 00:00:00,462085664,Baby Food,255.28,271,SAVE20,Tallinn,462085664,Europe,Offline,159.42,69180.88,0.2,13836.176000000001,69180.88,55344.704000000005,2398
2016-06-16 00:00:00,902424991,Clothes,109.28,6463,,Tallinn,902424991,Europe,Online,35.84,706276.64,0.0,0.0,706276.64,706276.64,405
2013-12-17 00:00:00,367576634,Fruits,9.33,2949,SAVE10,Vilnius,367576634,Europe,Offline,6.92,27514.17,0.1,2751.4170000000004,27514.170000000002,24762.753,1317
2017-03-01 00:00:00,738839423,Meat,421.89,7859,,Republic of the Congo,738839423,Sub-Saharan Africa,Offline,364.69,3315633.51,0.0,0.0,3315633.51,3315633.51,147
2010-07-02 00:00:00,817824685,Baby Food,255.28,1353,SAVE10,Czech Republic,817824685,Europe,Online,159.42,345393.84,0.1,34539.384000000005,345393.84,310854.456,2581
2013-07-16 00:00:00,376456248,Snacks,152.58,624,,Yaoundé,376456248,Sub-Saharan Africa,Online,97.44,95209.92,0.0,0.0,95209.92000000001,95209.92000000001,1471
2016-08-16 00:00:00,606970441,Office Supplies,651.21,4897,FREESHIP15,Hanoi,606970441,Asia,Online,524.96,3188975.37,0.0,0.0,3188975.37,3188975.37,344
2014-12-16 00:00:00,971916091,Meat,421.89,424,FREESHIP15,Chisinau,971916091,Europe,Offline,364.69,178881.36,0.0,0.0,178881.36,178881.36,953
2012-05-14 00:00:00,554154527,Office Supplies,651.21,5494,SAVE20,Manama,554154527,Middle East and North Africa,Offline,524.96,3577747.74,0.2,715549.5480000001,3577747.74,2862198.1920000003,1899
2017-07-18 00:00:00,306859576,Household,668.27,5423,,Budapest,306859576,Europe,Online,502.54,3624028.21,0.0,0.0,3624028.21,3624028.21,8
2017-07-09 00:00:00,803517568,Personal Care,81.73,7559,FREESHIP15,Majuro,803517568,Australia and Oceania,Offline,56.67,617797.07,0.0,0.0,617797.0700000001,617797.0700000001,17
2011-09-30 00:00:00,887927329,Office Supplies,651.21,6283,,Baghdad,887927329,Middle East and North Africa,Online,524.96,4091552.43,0.0,0.0,4091552.43,4091552.43,2126
2015-11-24 00:00:00,824200189,Vegetables,154.06,8006,,Tirana,824200189,Europe,Online,90.93,1233404.36,0.0,0.0,1233404.36,1233404.36,610
2012-08-14 00:00:00,946759974,Office Supplies,651.21,6170,,Maseru,946759974,Sub-Saharan Africa,Online,524.96,4017965.7,0.0,0.0,4017965.7,4017965.7,1807
2015-12-06 00:00:00,310343015,Clothes,109.28,6249,,Beirut,310343015,Middle East and North Africa,Offline,35.84,682890.72,0.0,0.0,682890.72,682890.72,598
2014-05-25 00:00:00,739998137,Vegetables,154.06,748,FREESHIP15,Budapest,739998137,Europe,Online,90.93,115236.88,0.0,0.0,115236.88,115236.88,1158
2012-10-18 00:00:00,981086671,Beverages,47.45,4203,,Tokyo,981086671,Asia,Online,31.79,199432.35,0.0,0.0,199432.35,199432.35,1742
2013-03-13 00:00:00,749282443,Office Supplies,651.21,8180,,Tbilisi,749282443,Europe,Offline,524.96,5326897.8,0.0,0.0,5326897.800000001,5326897.800000001,1596
2011-02-23 00:00:00,280571782,Office Supplies,651.21,6280,,Tallinn,280571782,Europe,Online,524.96,4089598.8,0.0,0.0,4089598.8000000003,4089598.8000000003,2345
2014-08-15 00:00:00,781253516,Household,668.27,9131,FREESHIP15,Luxembourg,781253516,Europe,Online,502.54,6101973.37,0.0,0.0,6101973.37,6101973.37,1076
2017-07-06 00:00:00,377938973,Personal Care,81.73,9396,SAVE10,Mbabane,377938973,Sub-Saharan Africa,Online,56.67,767935.08,0.1,76793.50800000002,767935.0800000001,691141.572,20
2010-12-31 00:00:00,867551982,Clothes,109.28,6765,,Bucharest,867551982,Europe,Offline,35.84,739279.2,0.0,0.0,739279.2,739279.2,2399
2010-01-13 00:00:00,967328870,Personal Care,81.73,2964,SAVE10,Addis Ababa,967328870,Sub-Saharan Africa,Offline,56.67,242247.72,0.1,24224.772,242247.72,218022.948,2751
2011-09-17 00:00:00,364818465,Office Supplies,651.21,6746,NOCODE,N’Djamena,364818465,Sub-Saharan Africa,Offline,524.96,4393062.66,0.0,0.0,4393062.66,4393062.66,2139
2014-03-08 00:00:00,167882096,Office Supplies,651.21,8898,FREESHIP15,Rabat,167882096,Middle East and North Africa,Online,524.96,5794466.58,0.0,0.0,5794466.58,5794466.58,1236
2012-11-18 00:00:00,654693591,Clothes,109.28,7237,NOCODE,Mexico City,654693591,North America,Online,35.84,790859.36,0.0,0.0,790859.36,790859.36,1711
2011-11-18 00:00:00,823739278,Personal Care,81.73,1612,,Abuja,823739278,Sub-Saharan Africa,Offline,56.67,131748.76,0.0,0.0,131748.76,131748.76,2077
2012-07-12 00:00:00,643817985,Beverages,47.45,8904,SAVE10,Trinidad and Tobago,643817985,Central America and the Caribbean,Offline,31.79,422494.8,0.1,42249.48000000001,422494.80000000005,380245.32000000007,1840
2017-03-30 00:00:00,604041039,Personal Care,81.73,8022,,Chisinau,604041039,Europe,Offline,56.67,655638.06,0.0,0.0,655638.06,655638.06,118
2010-07-26 00:00:00,363832271,Personal Care,81.73,4909,,Honiara,363832271,Australia and Oceania,Online,56.67,401212.57,0.0,0.0,401212.57,401212.57,2557
2015-12-24 00:00:00,102928006,Personal Care,81.73,7539,SAVE10,New Delhi,102928006,Asia,Online,56.67,616162.47,0.1,61616.247,616162.47,554546.223,580
2016-05-15 00:00:00,971377074,Office Supplies,651.21,917,SAVE20,Ouagadougou,971377074,Sub-Saharan Africa,Offline,524.96,597159.57,0.2,119431.91400000002,597159.5700000001,477727.6560000001,437
2010-11-03 00:00:00,139540803,Meat,421.89,2079,,Tarawa,139540803,Australia and Oceania,Online,364.69,877109.31,0.0,0.0,877109.3099999999,877109.3099999999,2457
2010-12-01 00:00:00,248093020,Meat,421.89,5093,FREESHIP15,Jerusalem,248093020,Middle East and North Africa,Offline,364.69,2148685.77,0.0,0.0,2148685.77,2148685.77,2429
2014-01-16 00:00:00,858020055,Snacks,152.58,6056,SAVE10,Moroni,858020055,Sub-Saharan Africa,Offline,97.44,924024.48,0.1,92402.44800000002,924024.4800000001,831622.0320000001,1287
2014-12-11 00:00:00,700620734,Baby Food,255.28,8099,NOCODE,Tehran,700620734,Middle East and North Africa,Offline,159.42,2067512.72,0.0,0.0,2067512.72,2067512.72,958
2016-12-24 00:00:00,827506387,Cosmetics,437.2,6384,,Hanoi,827506387,Asia,Offline,263.33,2791084.8,0.0,0.0,2791084.8,2791084.8,214
2013-03-21 00:00:00,560600841,Household,668.27,3101,NOCODE,Belmopan,560600841,Central America and the Caribbean,Online,502.54,2072305.27,0.0,0.0,2072305.27,2072305.27,1588
2012-12-08 00:00:00,642140424,Personal Care,81.73,2476,,Minsk,642140424,Europe,Offline,56.67,202363.48,0.0,0.0,202363.48,202363.48,1691
2015-02-13 00:00:00,984673964,Baby Food,255.28,5763,,United States of America,984673964,North America,Offline,159.42,1471178.64,0.0,0.0,1471178.64,1471178.64,894
2012-03-28 00:00:00,221062791,Beverages,47.45,6247,SAVE10,Warsaw,221062791,Europe,Online,31.79,296420.15,0.1,29642.015000000003,296420.15,266778.135,1946
2016-10-07 00:00:00,654480731,Vegetables,154.06,4247,,Ottawa,654480731,North America,Offline,90.93,654292.82,0.0,0.0,654292.8200000001,654292.8200000001,292
2011-12-15 00:00:00,608414113,Beverages,47.45,2111,,Jerusalem,608414113,Middle East and North Africa,Offline,31.79,100166.95,0.0,0.0,100166.95000000001,100166.95000000001,2050
2016-03-08 00:00:00,276661765,Household,668.27,9219,FREESHIP15,Beirut,276661765,Middle East and North Africa,Online,502.54,6160781.13,0.0,0.0,6160781.13,6160781.13,505
2011-01-18 00:00:00,373335015,Baby Food,255.28,6982,,Andorra la Vella,373335015,Europe,Online,159.42,1782364.96,0.0,0.0,1782364.96,1782364.96,2381
2013-04-11 00:00:00,782857692,Clothes,109.28,3843,SAVE20,Bratislava,782857692,Europe,Online,35.84,419963.04,0.2,83992.60800000001,419963.04,335970.43200000003,1567
2010-05-18 00:00:00,109966123,Fruits,9.33,274,,Monrovia,109966123,Sub-Saharan Africa,Online,6.92,2556.42,0.0,0.0,2556.42,2556.42,2626
2017-06-05 00:00:00,629709136,Cereal,205.7,3782,NOCODE,Antigua and Barbuda,629709136,Central America and the Caribbean,Offline,117.11,777957.4,0.0,0.0,777957.3999999999,777957.3999999999,51
2012-09-11 00:00:00,637448060,Personal Care,81.73,3901,,Beijing,637448060,Asia,Online,56.67,318828.73,0.0,0.0,318828.73000000004,318828.73000000004,1779
2017-03-08 00:00:00,298856723,Baby Food,255.28,7200,,Niamey,298856723,Sub-Saharan Africa,Online,159.42,1838016.0,0.0,0.0,1838016.0,1838016.0,140
2015-01-28 00:00:00,299921452,Household,668.27,2278,SAVE10,London,299921452,Europe,Offline,502.54,1522319.06,0.1,152231.90600000002,1522319.06,1370087.154,910
2010-07-26 00:00:00,496941077,Personal Care,81.73,4763,,Dhaka,496941077,Asia,Offline,56.67,389279.99,0.0,0.0,389279.99,389279.99,2557
2016-06-24 00:00:00,366526925,Snacks,152.58,2317,,Myanmar,366526925,Asia,Online,97.44,353527.86,0.0,0.0,353527.86000000004,353527.86000000004,397
2012-08-18 00:00:00,355602824,Meat,421.89,9633,,Nuku‘alofa,355602824,Australia and Oceania,Offline,364.69,4064066.37,0.0,0.0,4064066.3699999996,4064066.3699999996,1803
2010-03-11 00:00:00,531405103,Vegetables,154.06,3434,SAVE20,Bissau,531405103,Sub-Saharan Africa,Online,90.93,529042.04,0.2,105808.40800000001,529042.04,423233.63200000004,2694
2010-01-14 00:00:00,131482589,Vegetables,154.06,7475,,Nauru,131482589,Australia and Oceania,Offline,90.93,1151598.5,0.0,0.0,1151598.5,1151598.5,2750
2014-02-10 00:00:00,713696610,Cereal,205.7,7542,,Mbabane,713696610,Sub-Saharan Africa,Online,117.11,1551389.4,0.0,0.0,1551389.4,1551389.4,1262
2014-01-21 00:00:00,306220996,Vegetables,154.06,6452,,Helsinki,306220996,Europe,Online,90.93,993995.12,0.0,0.0,993995.12,993995.12,1282
2010-02-28 00:00:00,157542073,Household,668.27,9055,,Port Moresby,157542073,Australia and Oceania,Offline,502.54,6051184.85,0.0,0.0,6051184.85,6051184.85,2705
2015-02-18 00:00:00,686458671,Personal Care,81.73,7230,,Port Louis,686458671,Sub-Saharan Africa,Online,56.67,590907.9,0.0,0.0,590907.9,590907.9,889
2012-06-14 00:00:00,132082116,Office Supplies,651.21,4888,,Maputo,132082116,Sub-Saharan Africa,Online,524.96,3183114.48,0.0,0.0,3183114.48,3183114.48,1868
2013-03-05 00:00:00,403836238,Clothes,109.28,2972,NOCODE,Sofia,403836238,Europe,Online,35.84,324780.16,0.0,0.0,324780.16,324780.16,1604
2014-04-10 00:00:00,331457364,Household,668.27,4455,,Madrid,331457364,Europe,Online,502.54,2977142.85,0.0,0.0,2977142.85,2977142.85,1203
2017-07-26 00:00:00,614994323,Meat,421.89,9341,,Port-Vila,614994323,Australia and Oceania,Online,364.69,3940874.49,0.0,0.0,3940874.4899999998,3940874.4899999998,0
2010-10-19 00:00:00,674808442,Fruits,9.33,9669,,Brussels,674808442,Europe,Offline,6.92,90211.77,0.0,0.0,90211.77,90211.77,2472
2016-11-08 00:00:00,901573550,Baby Food,255.28,4503,,Brussels,901573550,Europe,Offline,159.42,1149525.84,0.0,0.0,1149525.84,1149525.84,260
2014-03-31 00:00:00,406275975,Clothes,109.28,4944,,Bissau,406275975,Sub-Saharan Africa,Online,35.84,540280.32,0.0,0.0,540280.32,540280.32,1213
2016-08-18 00:00:00,170214545,Vegetables,154.06,9121,,Lomé,170214545,Sub-Saharan Africa,Online,90.93,1405181.26,0.0,0.0,1405181.26,1405181.26,342
2016-01-03 00:00:00,795000588,Personal Care,81.73,7196,,Cote d'Ivoire,795000588,Sub-Saharan Africa,Offline,56.67,588129.08,0.0,0.0,588129.0800000001,588129.0800000001,570
2016-10-21 00:00:00,252557933,Fruits,9.33,6360,SAVE10,Republic of the Congo,252557933,Sub-Saharan Africa,Offline,6.92,59338.8,0.1,5933.880000000001,59338.8,53404.920000000006,278
2016-12-10 00:00:00,635122907,Baby Food,255.28,5837,,Tripoli,635122907,Middle East and North Africa,Offline,159.42,1490069.36,0.0,0.0,1490069.36,1490069.36,228
2011-08-12 00:00:00,505244338,Vegetables,154.06,1882,,East Timor,505244338,Australia and Oceania,Online,90.93,289940.92,0.0,0.0,289940.92,289940.92,2175
2012-03-23 00:00:00,745783555,Clothes,109.28,2782,SAVE10,Bern,745783555,Europe,Offline,35.84,304016.96,0.1,30401.696000000004,304016.96,273615.264,1951
2012-04-27 00:00:00,509914386,Snacks,152.58,3853,,Ngerulmud,509914386,Australia and Oceania,Offline,97.44,587890.74,0.0,0.0,587890.74,587890.74,1916
2014-01-29 00:00:00,371123158,Household,668.27,2445,,Amman,371123158,Middle East and North Africa,Online,502.54,1633920.15,0.0,0.0,1633920.15,1633920.15,1274
2016-12-13 00:00:00,973208701,Household,668.27,2936,,Ljubljana,973208701,Europe,Online,502.54,1962040.72,0.0,0.0,1962040.72,1962040.72,225
2013-11-21 00:00:00,780282342,Baby Food,255.28,1739,,South Korea,780282342,Asia,Online,159.42,443931.92,0.0,0.0,443931.92,443931.92,1343
2010-04-07 00:00:00,126767909,Clothes,109.28,2296,,Oslo,126767909,Europe,Online,35.84,250906.88,0.0,0.0,250906.88,250906.88,2667
2012-07-08 00:00:00,767401731,Baby Food,255.28,80,NOCODE,Kabul,767401731,Middle East and North Africa,Online,159.42,20422.4,0.0,0.0,20422.4,20422.4,1844
2016-10-15 00:00:00,927232635,Personal Care,81.73,7597,,Dhaka,927232635,Asia,Online,56.67,620902.81,0.0,0.0,620902.81,620902.81,284
2012-09-18 00:00:00,251621949,Meat,421.89,9381,SAVE10,Conakry,251621949,Sub-Saharan Africa,Offline,364.69,3957750.09,0.1,395775.009,3957750.09,3561975.081,1772
2017-07-02 00:00:00,256243503,Office Supplies,651.21,7002,SAVE20,Havana,256243503,Central America and the Caribbean,Offline,524.96,4559772.42,0.2,911954.484,4559772.42,3647817.936,24
2011-07-21 00:00:00,277083623,Cosmetics,437.2,4056,,Moscow,277083623,Europe,Offline,263.33,1773283.2,0.0,0.0,1773283.2,1773283.2,2197
2010-06-01 00:00:00,620441138,Vegetables,154.06,1175,,Victoria,620441138,Sub-Saharan Africa,Offline,90.93,181020.5,0.0,0.0,181020.5,181020.5,2612
2015-07-26 00:00:00,312927377,Office Supplies,651.21,1020,SAVE10,South Korea,312927377,Asia,Offline,524.96,664234.2,0.1,66423.42000000001,664234.2000000001,597810.78,731
2010-08-06 00:00:00,251466166,Baby Food,255.28,3282,,Accra,251466166,Sub-Saharan Africa,Offline,159.42,837828.96,0.0,0.0,837828.96,837828.96,2546
2010-06-20 00:00:00,953293836,Office Supplies,651.21,9685,NOCODE,San José,953293836,Central America and the Caribbean,Online,524.96,6306968.85,0.0,0.0,6306968.850000001,6306968.850000001,2593
2012-04-08 00:00:00,305959212,Cereal,205.7,8985,SAVE20,Bucharest,305959212,Europe,Online,117.11,1848214.5,0.2,369642.9,1848214.5,1478571.6,1935
2014-02-27 00:00:00,317323625,Cereal,205.7,1967,,Czech Republic,317323625,Europe,Online,117.11,404611.9,0.0,0.0,404611.89999999997,404611.89999999997,1245
2011-07-25 00:00:00,365560901,Household,668.27,6449,,Vaduz,365560901,Europe,Offline,502.54,4309673.23,0.0,0.0,4309673.2299999995,4309673.2299999995,2193
2016-02-18 00:00:00,349157369,Baby Food,255.28,2279,,Victoria,349157369,Sub-Saharan Africa,Online,159.42,581783.12,0.0,0.0,581783.12,581783.12,524
2014-01-24 00:00:00,236911857,Baby Food,255.28,6338,,Mogadishu,236911857,Middle East and North Africa,Online,159.42,1617964.64,0.0,0.0,1617964.64,1617964.64,1279
2015-05-10 00:00:00,517935693,Personal Care,81.73,7536,,Honiara,517935693,Australia and Oceania,Offline,56.67,615917.28,0.0,0.0,615917.28,615917.28,808
2012-02-13 00:00:00,851652705,Clothes,109.28,1816,FREESHIP15,Kampala,851652705,Sub-Saharan Africa,Offline,35.84,198452.48,0.0,0.0,198452.48,198452.48,1990
2012-09-07 00:00:00,517799222,Cereal,205.7,7151,,Malabo,517799222,Sub-Saharan Africa,Offline,117.11,1470960.7,0.0,0.0,1470960.7,1470960.7,1783
2015-02-04 00:00:00,666424071,Office Supplies,651.21,8547,,San José,666424071,Central America and the Caribbean,Offline,524.96,5565891.87,0.0,0.0,5565891.87,5565891.87,903
2010-11-16 00:00:00,267888581,Fruits,9.33,3039,NOCODE,Chisinau,267888581,Europe,Offline,6.92,28353.87,0.0,0.0,28353.87,28353.87,2444
2011-07-20 00:00:00,162866580,Vegetables,154.06,4695,,Ouagadougou,162866580,Sub-Saharan Africa,Online,90.93,723311.7,0.0,0.0,723311.7,723311.7,2198
2014-07-26 00:00:00,812344396,Beverages,47.45,9614,NOCODE,Guatemala City,812344396,Central America and the Caribbean,Offline,31.79,456184.3,0.0,0.0,456184.30000000005,456184.30000000005,1096
2014-08-24 00:00:00,947620856,Meat,421.89,924,SAVE20,Mbabane,947620856,Sub-Saharan Africa,Online,364.69,389826.36,0.2,77965.272,389826.36,311861.088,1067
2015-02-25 00:00:00,720307290,Vegetables,154.06,3789,SAVE20,Male,720307290,Asia,Online,90.93,583733.34,0.2,116746.668,583733.34,466986.672,882
2016-09-21 00:00:00,352327525,Household,668.27,399,,Bangkok,352327525,Asia,Online,502.54,266639.73,0.0,0.0,266639.73,266639.73,308
2013-06-28 00:00:00,585917890,Household,668.27,4979,,Khartoum,585917890,Sub-Saharan Africa,Online,502.54,3327316.33,0.0,0.0,3327316.33,3327316.33,1489
2012-01-05 00:00:00,433627212,Meat,421.89,8783,NOCODE,San José,433627212,Central America and the Caribbean,Offline,364.69,3705459.87,0.0,0.0,3705459.87,3705459.87,2029
2012-05-01 00:00:00,328316819,Beverages,47.45,5098,,Copenhagen,328316819,Europe,Online,31.79,241900.1,0.0,0.0,241900.1,241900.1,1912
2011-10-13 00:00:00,773160541,Cereal,205.7,4240,SAVE20,Luanda,773160541,Sub-Saharan Africa,Offline,117.11,872168.0,0.2,174433.6,872168.0,697734.4,2113
2016-04-27 00:00:00,991644704,Household,668.27,8559,,Port Moresby,991644704,Australia and Oceania,Online,502.54,5719722.93,0.0,0.0,5719722.93,5719722.93,455
2014-01-19 00:00:00,277568137,Meat,421.89,7435,,North Korea,277568137,Asia,Online,364.69,3136752.15,0.0,0.0,3136752.15,3136752.15,1284
2016-11-06 00:00:00,245042169,Fruits,9.33,2278,,San Salvador,245042169,Central America and the Caribbean,Online,6.92,21253.74,0.0,0.0,21253.74,21253.74,262
2011-02-28 00:00:00,778490626,Household,668.27,1531,,Ouagadougou,778490626,Sub-Saharan Africa,Online,502.54,1023121.37,0.0,0.0,1023121.37,1023121.37,2340
2014-10-11 00:00:00,482649838,Baby Food,255.28,5668,SAVE10,Sanaa,482649838,Middle East and North Africa,Online,159.42,1446927.04,0.1,144692.704,1446927.04,1302234.3360000001,1019
2012-06-25 00:00:00,732568633,Beverages,47.45,2193,,Republic of the Congo,732568633,Sub-Saharan Africa,Online,31.79,104057.85,0.0,0.0,104057.85,104057.85,1857
2012-11-06 00:00:00,723608338,Household,668.27,642,SAVE20,Andorra la Vella,723608338,Europe,Online,502.54,429029.34,0.2,85805.868,429029.33999999997,343223.472,1723
2014-02-24 00:00:00,621442782,Household,668.27,7584,,Santo Domingo,621442782,Central America and the Caribbean,Offline,502.54,5068159.68,0.0,0.0,5068159.68,5068159.68,1248
2015-09-19 00:00:00,212058293,Baby Food,255.28,1616,,Jerusalem,212058293,Middle East and North Africa,Offline,159.42,412532.48,0.0,0.0,412532.48,412532.48,676
2014-03-04 00:00:00,251753699,Snacks,152.58,8369,SAVE10,Honiara,251753699,Australia and Oceania,Offline,97.44,1276942.02,0.1,127694.202,1276942.02,1149247.818,1240
2014-10-08 00:00:00,217140328,Fruits,9.33,5503,SAVE20,Monrovia,217140328,Sub-Saharan Africa,Online,6.92,51342.99,0.2,10268.598,51342.99,41074.392,1022
2012-06-19 00:00:00,555142009,Vegetables,154.06,7712,,Bamako,555142009,Sub-Saharan Africa,Online,90.93,1188110.72,0.0,0.0,1188110.72,1188110.72,1863
2010-11-11 00:00:00,432995069,Clothes,109.28,1718,,Tashkent,432995069,Asia,Online,35.84,187743.04,0.0,0.0,187743.04,187743.04,2449
2010-11-01 00:00:00,888248336,Personal Care,81.73,1276,,Tunis,888248336,Middle East and North Africa,Offline,56.67,104287.48,0.0,0.0,104287.48000000001,104287.48000000001,2459
2014-04-28 00:00:00,778763139,Vegetables,154.06,2173,SAVE10,Vatican City,778763139,Europe,Online,90.93,334772.38,0.1,33477.238000000005,334772.38,301295.142,1185
2012-12-22 00:00:00,832713305,Snacks,152.58,7227,SAVE10,Djibouti,832713305,Sub-Saharan Africa,Offline,97.44,1102695.66,0.1,110269.56600000002,1102695.6600000001,992426.0940000002,1677
2014-08-25 00:00:00,498585164,Household,668.27,1285,SAVE10,Kyiv,498585164,Europe,Offline,502.54,858726.95,0.1,85872.695,858726.95,772854.255,1066
2016-11-26 00:00:00,195177543,Fruits,9.33,6227,NOCODE,East Timor,195177543,Australia and Oceania,Offline,6.92,58097.91,0.0,0.0,58097.91,58097.91,242
2010-10-20 00:00:00,861601769,Cereal,205.7,5965,,Kampala,861601769,Sub-Saharan Africa,Online,117.11,1227000.5,0.0,0.0,1227000.5,1227000.5,2471
2014-12-18 00:00:00,807281672,Meat,421.89,1441,NOCODE,Conakry,807281672,Sub-Saharan Africa,Online,364.69,607943.49,0.0,0.0,607943.49,607943.49,951
2011-03-20 00:00:00,661953580,Clothes,109.28,5629,SAVE20,Malabo,661953580,Sub-Saharan Africa,Offline,35.84,615137.12,0.2,123027.424,615137.12,492109.696,2320
2016-07-12 00:00:00,225666320,Cosmetics,437.2,8534,SAVE10,Valletta,225666320,Europe,Online,263.33,3731064.8,0.1,373106.48,3731064.8,3357958.32,379
2011-01-26 00:00:00,718781220,Household,668.27,2191,NOCODE,Nicosia,718781220,Europe,Offline,502.54,1464179.57,0.0,0.0,1464179.57,1464179.57,2373
2010-02-24 00:00:00,731972110,Office Supplies,651.21,5668,SAVE10,Czech Republic,731972110,Europe,Online,524.96,3691058.28,0.1,369105.82800000004,3691058.2800000003,3321952.4520000005,2709
2015-01-02 00:00:00,276225316,Vegetables,154.06,64,SAVE10,Tripoli,276225316,Middle East and North Africa,Online,90.93,9859.84,0.1,985.984,9859.84,8873.856,936
2016-07-26 00:00:00,332839667,Office Supplies,651.21,3509,,Hanoi,332839667,Asia,Offline,524.96,2285095.89,0.0,0.0,2285095.89,2285095.89,365
2014-06-01 00:00:00,603426492,Vegetables,154.06,6163,NOCODE,Amman,603426492,Middle East and North Africa,Online,90.93,949471.78,0.0,0.0,949471.78,949471.78,1151
2012-12-21 00:00:00,859909617,Beverages,47.45,5220,,Bamako,859909617,Sub-Saharan Africa,Offline,31.79,247689.0,0.0,0.0,247689.00000000003,247689.00000000003,1678
2010-02-27 00:00:00,494525372,Household,668.27,9902,SAVE20,Czech Republic,494525372,Europe,Online,502.54,6617209.54,0.2,1323441.908,6617209.54,5293767.632,2706
2016-04-24 00:00:00,769822585,Vegetables,154.06,6465,,Bratislava,769822585,Europe,Online,90.93,995997.9,0.0,0.0,995997.9,995997.9,458
2012-07-22 00:00:00,768662583,Vegetables,154.06,3195,,Harare,768662583,Sub-Saharan Africa,Offline,90.93,492221.7,0.0,0.0,492221.7,492221.7,1830
2015-02-22 00:00:00,544219195,Cereal,205.7,5409,,Tegucigalpa,544219195,Central America and the Caribbean,Online,117.11,1112631.3,0.0,0.0,1112631.3,1112631.3,885
2011-02-10 00:00:00,669978749,Beverages,47.45,455,SAVE10,Bern,669978749,Europe,Offline,31.79,21589.75,0.1,2158.975,21589.75,19430.775,2358
2015-01-21 00:00:00,889740073,Cosmetics,437.2,2715,,Cape Town,889740073,Sub-Saharan Africa,Offline,263.33,1186998.0,0.0,0.0,1186998.0,1186998.0,917
2012-05-10 00:00:00,567614495,Beverages,47.45,8598,SAVE10,Kampala,567614495,Sub-Saharan Africa,Online,31.79,407975.1,0.1,40797.51000000001,407975.10000000003,367177.59,1903
2015-12-16 00:00:00,938025844,Vegetables,154.06,1547,SAVE20,Tehran,938025844,Middle East and North Africa,Offline,90.93,238330.82,0.2,47666.164000000004,238330.82,190664.65600000002,588
2017-02-25 00:00:00,155710446,Vegetables,154.06,7036,SAVE10,Algiers,155710446,Middle East and North Africa,Online,90.93,1083966.16,0.1,108396.616,1083966.16,975569.544,151
2012-01-31 00:00:00,945717132,Baby Food,255.28,7570,,Bangui,945717132,Sub-Saharan Africa,Online,159.42,1932469.6,0.0,0.0,1932469.6,1932469.6,2003
2013-02-07 00:00:00,253407227,Cosmetics,437.2,7685,,The Bahamas,253407227,Central America and the Caribbean,Offline,263.33,3359882.0,0.0,0.0,3359882.0,3359882.0,1630
2014-09-14 00:00:00,494454562,Household,668.27,8948,SAVE10,Cape Town,494454562,Sub-Saharan Africa,Offline,502.54,5979679.96,0.1,597967.996,5979679.96,5381711.964,1046
2012-06-05 00:00:00,104845464,Cereal,205.7,4957,,Cotonou,104845464,Sub-Saharan Africa,Online,117.11,1019654.9,0.0,0.0,1019654.8999999999,1019654.8999999999,1877
2014-04-05 00:00:00,290878760,Cosmetics,437.2,6344,NOCODE,Budapest,290878760,Europe,Online,263.33,2773596.8,0.0,0.0,2773596.8,2773596.8,1208
2014-02-02 00:00:00,979165780,Office Supplies,651.21,5768,,Vienna,979165780,Europe,Offline,524.96,3756179.28,0.0,0.0,3756179.2800000003,3756179.2800000003,1270
2010-09-01 00:00:00,366630351,Office Supplies,651.21,2923,SAVE10,Dushanbe,366630351,Asia,Offline,524.96,1903486.83,0.1,190348.68300000002,1903486.83,1713138.147,2520
2011-05-17 00:00:00,770508801,Office Supplies,651.21,9532,FREESHIP15,Lisbon,770508801,Europe,Online,524.96,6207333.72,0.0,0.0,6207333.720000001,6207333.720000001,2262
2013-04-21 00:00:00,978349959,Beverages,47.45,4349,SAVE20,Brussels,978349959,Europe,Offline,31.79,206360.05,0.2,41272.01000000001,206360.05000000002,165088.04000000004,1557
2014-08-10 00:00:00,298015153,Beverages,47.45,8161,,Ljubljana,298015153,Europe,Offline,31.79,387239.45,0.0,0.0,387239.45,387239.45,1081
2010-09-19 00:00:00,807678210,Snacks,152.58,8786,,Czech Republic,807678210,Europe,Online,97.44,1340567.88,0.0,0.0,1340567.8800000001,1340567.8800000001,2502
2013-04-13 00:00:00,605825459,Personal Care,81.73,6071,,Majuro,605825459,Australia and Oceania,Offline,56.67,496182.83,0.0,0.0,496182.83,496182.83,1565
2016-01-28 00:00:00,561255729,Fruits,9.33,6897,,Khartoum,561255729,Sub-Saharan Africa,Online,6.92,64349.01,0.0,0.0,64349.01,64349.01,545
2013-12-09 00:00:00,263080346,Clothes,109.28,175,NOCODE,Santo Domingo,263080346,Central America and the Caribbean,Online,35.84,19124.0,0.0,0.0,19124.0,19124.0,1325
2014-02-21 00:00:00,270723140,Cereal,205.7,1848,,Dar es Salaam,270723140,Sub-Saharan Africa,Offline,117.11,380133.6,0.0,0.0,380133.6,380133.6,1251
2017-06-09 00:00:00,763920438,Clothes,109.28,9888,,Bern,763920438,Europe,Offline,35.84,1080560.64,0.0,0.0,1080560.64,1080560.64,47
2014-04-17 00:00:00,192721068,Household,668.27,9302,,Sisimiut,192721068,North America,Online,502.54,6216247.54,0.0,0.0,6216247.54,6216247.54,1196
2011-05-20 00:00:00,227486360,Fruits,9.33,7124,FREESHIP15,Nuku‘alofa,227486360,Australia and Oceania,Offline,6.92,66466.92,0.0,0.0,66466.92,66466.92,2259
2012-08-28 00:00:00,808890140,Vegetables,154.06,7422,,Riyadh,808890140,Middle East and North Africa,Online,90.93,1143433.32,0.0,0.0,1143433.32,1143433.32,1793
2015-07-25 00:00:00,597918736,Cosmetics,437.2,6296,,Belmopan,597918736,Central America and the Caribbean,Offline,263.33,2752611.2,0.0,0.0,2752611.1999999997,2752611.1999999997,732
2014-10-27 00:00:00,125870978,Cosmetics,437.2,6874,,Luanda,125870978,Sub-Saharan Africa,Online,263.33,3005312.8,0.0,0.0,3005312.8,3005312.8,1003
2013-10-18 00:00:00,444358193,Household,668.27,4319,FREESHIP15,Kuala Lumpur,444358193,Asia,Online,502.54,2886258.13,0.0,0.0,2886258.13,2886258.13,1377
2013-02-15 00:00:00,875304210,Beverages,47.45,822,SAVE20,Addis Ababa,875304210,Sub-Saharan Africa,Online,31.79,39003.9,0.2,7800.780000000001,39003.9,31203.120000000003,1622
2014-07-08 00:00:00,360945355,Baby Food,255.28,607,SAVE20,Sisimiut,360945355,North America,Offline,159.42,154954.96,0.2,30990.992,154954.96,123963.968,1114
2016-12-12 00:00:00,613830459,Cereal,205.7,4928,FREESHIP15,Cotonou,613830459,Sub-Saharan Africa,Offline,117.11,1013689.6,0.0,0.0,1013689.6,1013689.6,226
2012-11-24 00:00:00,266820847,Cereal,205.7,7073,,Sanaa,266820847,Middle East and North Africa,Offline,117.11,1454916.1,0.0,0.0,1454916.0999999999,1454916.0999999999,1705
2014-11-03 00:00:00,723090350,Baby Food,255.28,7358,,Kigali,723090350,Sub-Saharan Africa,Offline,159.42,1878350.24,0.0,0.0,1878350.24,1878350.24,996
2013-08-03 00:00:00,306125295,Meat,421.89,8132,,Nouakchott,306125295,Sub-Saharan Africa,Offline,364.69,3430809.48,0.0,0.0,3430809.48,3430809.48,1453
2012-05-23 00:00:00,109724509,Personal Care,81.73,8775,,Wellington,109724509,Australia and Oceania,Online,56.67,717180.75,0.0,0.0,717180.75,717180.75,1890
2015-07-22 00:00:00,847999322,Clothes,109.28,699,SAVE20,Apia,847999322,Australia and Oceania,Offline,35.84,76386.72,0.2,15277.344000000001,76386.72,61109.376000000004,735
2017-02-01 00:00:00,605373561,Clothes,109.28,2344,SAVE20,Suva,605373561,Australia and Oceania,Online,35.84,256152.32,0.2,51230.46400000001,256152.32,204921.85600000003,175
2012-01-28 00:00:00,686583554,Beverages,47.45,4186,,Lilongwe,686583554,Sub-Saharan Africa,Online,31.79,198625.7,0.0,0.0,198625.7,198625.7,2006
2015-08-03 00:00:00,666678130,Beverages,47.45,3729,NOCODE,Majuro,666678130,Australia and Oceania,Offline,31.79,176941.05,0.0,0.0,176941.05000000002,176941.05000000002,723
2013-06-23 00:00:00,641018617,Baby Food,255.28,508,SAVE10,Saint George’s,641018617,Central America and the Caribbean,Online,159.42,129682.24,0.1,12968.224000000002,129682.24,116714.016,1494
2011-08-03 00:00:00,775278842,Meat,421.89,1093,FREESHIP15,Luxembourg,775278842,Europe,Online,364.69,461125.77,0.0,0.0,461125.76999999996,461125.76999999996,2184
2016-10-30 00:00:00,855445134,Meat,421.89,4080,FREESHIP15,Harare,855445134,Sub-Saharan Africa,Offline,364.69,1721311.2,0.0,0.0,1721311.2,1721311.2,269
2010-09-05 00:00:00,737816321,Vegetables,154.06,5100,SAVE20,Beijing,737816321,Asia,Online,90.93,785706.0,0.2,157141.2,785706.0,628564.8,2516
2013-07-13 00:00:00,799003732,Beverages,47.45,1815,SAVE10,United States of America,799003732,North America,Online,31.79,86121.75,0.1,8612.175000000001,86121.75,77509.575,1474
2012-10-09 00:00:00,585931193,Vegetables,154.06,8916,,Bangui,585931193,Sub-Saharan Africa,Online,90.93,1373598.96,0.0,0.0,1373598.96,1373598.96,1751
2012-01-03 00:00:00,165835034,Vegetables,154.06,3127,SAVE10,Antigua and Barbuda,165835034,Central America and the Caribbean,Online,90.93,481745.62,0.1,48174.562000000005,481745.62,433571.058,2031
2012-02-08 00:00:00,576264083,Baby Food,255.28,8203,,Guatemala City,576264083,Central America and the Caribbean,Offline,159.42,2094061.84,0.0,0.0,2094061.84,2094061.84,1995
2015-01-03 00:00:00,675079667,Clothes,109.28,9930,SAVE20,Doha,675079667,Middle East and North Africa,Offline,35.84,1085150.4,0.2,217030.08,1085150.4,868120.32,935
2012-05-13 00:00:00,290455615,Personal Care,81.73,1126,,Jerusalem,290455615,Middle East and North Africa,Online,56.67,92027.98,0.0,0.0,92027.98000000001,92027.98000000001,1900
2012-01-13 00:00:00,670878255,Snacks,152.58,6639,,Bangkok,670878255,Asia,Offline,97.44,1012978.62,0.0,0.0,1012978.6200000001,1012978.6200000001,2021
2011-07-30 00:00:00,435146415,Cereal,205.7,8349,,Singapore,435146415,Asia,Online,117.11,1717389.3,0.0,0.0,1717389.2999999998,1717389.2999999998,2188
2017-03-13 00:00:00,522371423,Snacks,152.58,167,,North Korea,522371423,Asia,Online,97.44,25480.86,0.0,0.0,25480.86,25480.86,135
2017-03-23 00:00:00,141977107,Office Supplies,651.21,3036,SAVE20,Vienna,141977107,Europe,Online,524.96,1977073.56,0.2,395414.71200000006,1977073.56,1581658.8480000002,125
2016-03-16 00:00:00,823699796,Baby Food,255.28,9929,,Tokyo,823699796,Asia,Offline,159.42,2534675.12,0.0,0.0,2534675.12,2534675.12,497
2015-12-18 00:00:00,567588317,Beverages,47.45,851,SAVE20,Harare,567588317,Sub-Saharan Africa,Offline,31.79,40379.95,0.2,8075.990000000002,40379.950000000004,32303.960000000006,586
2011-10-25 00:00:00,594003999,Fruits,9.33,7838,SAVE20,Vilnius,594003999,Europe,Offline,6.92,73128.54,0.2,14625.707999999999,73128.54,58502.831999999995,2101
2011-06-30 00:00:00,393620669,Baby Food,255.28,9958,SAVE20,Luxembourg,393620669,Europe,Offline,159.42,2542078.24,0.2,508415.64800000004,2542078.24,2033662.5920000002,2218
2016-03-27 00:00:00,877424657,Cosmetics,437.2,8309,SAVE20,Bangui,877424657,Sub-Saharan Africa,Offline,263.33,3632694.8,0.2,726538.96,3632694.8,2906155.84,486
2016-12-23 00:00:00,326714789,Household,668.27,1021,,Oslo,326714789,Europe,Offline,502.54,682303.67,0.0,0.0,682303.6699999999,682303.6699999999,215
2013-04-18 00:00:00,243102395,Fruits,9.33,8256,,Democratic Republic of the Congo,243102395,Sub-Saharan Africa,Offline,6.92,77028.48,0.0,0.0,77028.48,77028.48,1560
2017-03-08 00:00:00,398511302,Household,668.27,7205,,Wellington,398511302,Australia and Oceania,Offline,502.54,4814885.35,0.0,0.0,4814885.35,4814885.35,140
2011-06-03 00:00:00,185177838,Personal Care,81.73,7092,,Kyiv,185177838,Europe,Offline,56.67,579629.16,0.0,0.0,579629.16,579629.16,2245
2013-11-30 00:00:00,865650832,Personal Care,81.73,4173,,Taipei,865650832,Asia,Offline,56.67,341059.29,0.0,0.0,341059.29000000004,341059.29000000004,1334
2013-05-11 00:00:00,622791612,Cereal,205.7,6733,,Rome,622791612,Europe,Offline,117.11,1384978.1,0.0,0.0,1384978.0999999999,1384978.0999999999,1537
2010-11-13 00:00:00,409774005,Personal Care,81.73,89,NOCODE,Helsinki,409774005,Europe,Online,56.67,7273.97,0.0,0.0,7273.97,7273.97,2447
2016-03-09 00:00:00,800084340,Office Supplies,651.21,1591,FREESHIP15,Khartoum,800084340,Sub-Saharan Africa,Online,524.96,1036075.11,0.0,0.0,1036075.1100000001,1036075.1100000001,504
2013-08-19 00:00:00,637521445,Snacks,152.58,5618,SAVE20,Zagreb,637521445,Europe,Offline,97.44,857194.44,0.2,171438.88800000004,857194.4400000001,685755.5520000001,1437
2011-04-19 00:00:00,186196649,Beverages,47.45,8581,,Nouakchott,186196649,Sub-Saharan Africa,Online,31.79,407168.45,0.0,0.0,407168.45,407168.45,2290
2014-07-20 00:00:00,680533778,Baby Food,255.28,3923,,Wellington,680533778,Australia and Oceania,Offline,159.42,1001463.44,0.0,0.0,1001463.4400000001,1001463.4400000001,1102
2014-09-08 00:00:00,275269162,Beverages,47.45,7117,,Islamabad,275269162,Middle East and North Africa,Online,31.79,337701.65,0.0,0.0,337701.65,337701.65,1052
2015-06-04 00:00:00,795451629,Household,668.27,668,SAVE10,Warsaw,795451629,Europe,Online,502.54,446404.36,0.1,44640.436,446404.36,401763.924,783
2013-12-19 00:00:00,986442506,Cereal,205.7,9113,,Vilnius,986442506,Europe,Offline,117.11,1874544.1,0.0,0.0,1874544.0999999999,1874544.0999999999,1315
2012-05-18 00:00:00,563915622,Cereal,205.7,4019,SAVE20,Islamabad,563915622,Middle East and North Africa,Offline,117.11,826708.3,0.2,165341.66,826708.2999999999,661366.64,1895
2013-10-12 00:00:00,663857305,Cosmetics,437.2,8984,,East Timor,663857305,Australia and Oceania,Offline,263.33,3927804.8,0.0,0.0,3927804.8,3927804.8,1383
2011-01-02 00:00:00,692566382,Fruits,9.33,4638,FREESHIP15,Majuro,692566382,Australia and Oceania,Online,6.92,43272.54,0.0,0.0,43272.54,43272.54,2397
2013-02-02 00:00:00,576654183,Household,668.27,3642,SAVE10,Havana,576654183,Central America and the Caribbean,Offline,502.54,2433839.34,0.1,243383.934,2433839.34,2190455.406,1635
2011-03-19 00:00:00,313044536,Baby Food,255.28,5689,,Sisimiut,313044536,North America,Offline,159.42,1452287.92,0.0,0.0,1452287.92,1452287.92,2321
2012-10-03 00:00:00,418973767,Personal Care,81.73,2503,,Luxembourg,418973767,Europe,Offline,56.67,204570.19,0.0,0.0,204570.19,204570.19,1757
2014-10-23 00:00:00,581990706,Beverages,47.45,2838,,Jerusalem,581990706,Middle East and North Africa,Online,31.79,134663.1,0.0,0.0,134663.1,134663.1,1007
2015-07-12 00:00:00,109956681,Baby Food,255.28,7480,NOCODE,Djibouti,109956681,Sub-Saharan Africa,Online,159.42,1909494.4,0.0,0.0,1909494.4,1909494.4,745
2010-05-06 00:00:00,181045520,Cereal,205.7,4247,,Sofia,181045520,Europe,Online,117.11,873607.9,0.0,0.0,873607.8999999999,873607.8999999999,2638
2010-11-27 00:00:00,693743550,Vegetables,154.06,2988,,Ulaanbaatar,693743550,Asia,Online,90.93,460331.28,0.0,0.0,460331.28,460331.28,2433
2010-12-26 00:00:00,716849601,Clothes,109.28,582,SAVE10,Santo Domingo,716849601,Central America and the Caribbean,Offline,35.84,63600.96,0.1,6360.0960000000005,63600.96,57240.864,2404
2012-12-30 00:00:00,739474999,Cosmetics,437.2,5940,SAVE10,Sanaa,739474999,Middle East and North Africa,Online,263.33,2596968.0,0.1,259696.80000000002,2596968.0,2337271.2,1669
2016-08-21 00:00:00,421043574,Personal Care,81.73,5005,,Federated States of Micronesia,421043574,Australia and Oceania,Online,56.67,409058.65,0.0,0.0,409058.65,409058.65,339
2015-02-03 00:00:00,841291654,Personal Care,81.73,5751,NOCODE,Helsinki,841291654,Europe,Online,56.67,470029.23,0.0,0.0,470029.23000000004,470029.23000000004,904
2013-12-19 00:00:00,450268065,Cereal,205.7,3181,,The Bahamas,450268065,Central America and the Caribbean,Offline,117.11,654331.7,0.0,0.0,654331.7,654331.7,1315
2012-05-12 00:00:00,918334138,Meat,421.89,4334,,Saint George’s,918334138,Central America and the Caribbean,Online,364.69,1828471.26,0.0,0.0,1828471.26,1828471.26,1901
2014-03-28 00:00:00,386163699,Meat,421.89,3275,,Sao Tome and Principe,386163699,Sub-Saharan Africa,Offline,364.69,1381689.75,0.0,0.0,1381689.75,1381689.75,1216
2017-01-11 00:00:00,214743077,Personal Care,81.73,6103,NOCODE,San Salvador,214743077,Central America and the Caribbean,Offline,56.67,498798.19,0.0,0.0,498798.19,498798.19,196
2015-06-21 00:00:00,935371100,Baby Food,255.28,5949,SAVE10,Stockholm,935371100,Europe,Online,159.42,1518660.72,0.1,151866.07200000001,1518660.72,1366794.648,766
2012-11-29 00:00:00,899659097,Cosmetics,437.2,7974,,Ashgabat,899659097,Asia,Offline,263.33,3486232.8,0.0,0.0,3486232.8,3486232.8,1700
2010-01-01 00:00:00,329530894,Vegetables,154.06,4369,SAVE20,Monaco,329530894,Europe,Online,90.93,673088.14,0.2,134617.628,673088.14,538470.512,2763
2016-01-06 00:00:00,867222821,Meat,421.89,9359,,Ankara,867222821,Middle East and North Africa,Online,364.69,3948468.51,0.0,0.0,3948468.51,3948468.51,567
2014-10-14 00:00:00,625283706,Beverages,47.45,4199,,Maputo,625283706,Sub-Saharan Africa,Online,31.79,199242.55,0.0,0.0,199242.55000000002,199242.55000000002,1016
2013-12-09 00:00:00,936574876,Office Supplies,651.21,2173,SAVE10,Sanaa,936574876,Middle East and North Africa,Offline,524.96,1415079.33,0.1,141507.93300000002,1415079.33,1273571.397,1325
2010-10-19 00:00:00,504270160,Cereal,205.7,3601,SAVE10,Manila,504270160,Asia,Offline,117.11,740725.7,0.1,74072.56999999999,740725.7,666653.13,2472
2011-05-02 00:00:00,351855885,Personal Care,81.73,830,,Democratic Republic of the Congo,351855885,Sub-Saharan Africa,Offline,56.67,67835.9,0.0,0.0,67835.90000000001,67835.90000000001,2277
2011-03-17 00:00:00,673130881,Snacks,152.58,3241,,Suva,673130881,Australia and Oceania,Online,97.44,494511.78,0.0,0.0,494511.78,494511.78,2323
2014-09-24 00:00:00,382206475,Office Supplies,651.21,2244,NOCODE,Skopje,382206475,Europe,Offline,524.96,1461315.24,0.0,0.0,1461315.24,1461315.24,1036
2015-12-01 00:00:00,263506495,Cereal,205.7,6283,SAVE10,Tunis,263506495,Middle East and North Africa,Online,117.11,1292413.1,0.1,129241.31,1292413.0999999999,1163171.7899999998,603
2017-06-02 00:00:00,721767270,Cereal,205.7,5829,SAVE20,Vaduz,721767270,Europe,Offline,117.11,1199025.3,0.2,239805.06000000003,1199025.3,959220.2400000001,54
2011-08-04 00:00:00,432037627,Cosmetics,437.2,8390,SAVE10,Doha,432037627,Middle East and North Africa,Online,263.33,3668108.0,0.1,366810.80000000005,3668108.0,3301297.2,2183
2014-07-29 00:00:00,389678895,Meat,421.89,3499,FREESHIP15,Nuku‘alofa,389678895,Australia and Oceania,Offline,364.69,1476193.11,0.0,0.0,1476193.1099999999,1476193.1099999999,1093
2017-01-26 00:00:00,760364902,Meat,421.89,7726,SAVE20,Brussels,760364902,Europe,Online,364.69,3259522.14,0.2,651904.428,3259522.1399999997,2607617.712,181
2010-11-05 00:00:00,430081975,Fruits,9.33,9669,,N’Djamena,430081975,Sub-Saharan Africa,Offline,6.92,90211.77,0.0,0.0,90211.77,90211.77,2455
2015-03-26 00:00:00,155128943,Baby Food,255.28,4957,,Bangkok,155128943,Asia,Online,159.42,1265422.96,0.0,0.0,1265422.96,1265422.96,853
2012-10-07 00:00:00,312117135,Clothes,109.28,1251,,Reykjavík,312117135,Europe,Offline,35.84,136709.28,0.0,0.0,136709.28,136709.28,1753
2013-07-22 00:00:00,447970378,Meat,421.89,3245,,Castries,447970378,Central America and the Caribbean,Offline,364.69,1369033.05,0.0,0.0,1369033.05,1369033.05,1465
2013-08-16 00:00:00,629925000,Cosmetics,437.2,7661,,Tokyo,629925000,Asia,Offline,263.33,3349389.2,0.0,0.0,3349389.1999999997,3349389.1999999997,1440
2013-11-05 00:00:00,995529830,Personal Care,81.73,8254,,New Delhi,995529830,Asia,Offline,56.67,674599.42,0.0,0.0,674599.42,674599.42,1359
2016-03-01 00:00:00,402646195,Office Supplies,651.21,812,,Port-Vila,402646195,Australia and Oceania,Online,524.96,528782.52,0.0,0.0,528782.52,528782.52,512
2012-03-25 00:00:00,479447925,Meat,421.89,8150,SAVE20,N’Djamena,479447925,Sub-Saharan Africa,Offline,364.69,3438403.5,0.2,687680.7000000001,3438403.5,2750722.8000000003,1949
2017-06-20 00:00:00,674421346,Cosmetics,437.2,5118,,Lilongwe,674421346,Sub-Saharan Africa,Offline,263.33,2237589.6,0.0,0.0,2237589.6,2237589.6,36
2014-04-18 00:00:00,506365287,Cosmetics,437.2,3596,NOCODE,Helsinki,506365287,Europe,Online,263.33,1572171.2,0.0,0.0,1572171.2,1572171.2,1195
2016-06-28 00:00:00,914391076,Clothes,109.28,7494,SAVE10,Ankara,914391076,Middle East and North Africa,Online,35.84,818944.32,0.1,81894.43200000002,818944.3200000001,737049.888,393
2012-05-20 00:00:00,207922542,Meat,421.89,7755,,Cape Town,207922542,Sub-Saharan Africa,Online,364.69,3271756.95,0.0,0.0,3271756.9499999997,3271756.9499999997,1893
2014-02-04 00:00:00,816696012,Office Supplies,651.21,7353,,Vilnius,816696012,Europe,Offline,524.96,4788347.13,0.0,0.0,4788347.13,4788347.13,1268
2015-11-15 00:00:00,740760314,Beverages,47.45,6293,SAVE20,Moscow,740760314,Europe,Offline,31.79,298602.85,0.2,59720.57000000001,298602.85000000003,238882.28000000003,619
2013-01-11 00:00:00,300476777,Baby Food,255.28,6610,,The Bahamas,300476777,Central America and the Caribbean,Online,159.42,1687400.8,0.0,0.0,1687400.8,1687400.8,1657
2013-04-24 00:00:00,786519229,Snacks,152.58,7373,SAVE20,The Bahamas,786519229,Central America and the Caribbean,Online,97.44,1124972.34,0.2,224994.46800000002,1124972.34,899977.8720000001,1554
2010-05-15 00:00:00,409873998,Cosmetics,437.2,9679,,Ankara,409873998,Middle East and North Africa,Offline,263.33,4231658.8,0.0,0.0,4231658.8,4231658.8,2629
2010-04-17 00:00:00,151839911,Cosmetics,437.2,1659,NOCODE,Port Louis,151839911,Sub-Saharan Africa,Offline,263.33,725314.8,0.0,0.0,725314.7999999999,725314.7999999999,2657
2012-08-25 00:00:00,614028298,Vegetables,154.06,3473,NOCODE,Sofia,614028298,Europe,Online,90.93,535050.38,0.0,0.0,535050.38,535050.38,1796
2014-04-19 00:00:00,668362987,Household,668.27,2315,,Tehran,668362987,Middle East and North Africa,Offline,502.54,1547045.05,0.0,0.0,1547045.05,1547045.05,1194
2013-02-26 00:00:00,607080304,Household,668.27,7408,,Accra,607080304,Sub-Saharan Africa,Online,502.54,4950544.16,0.0,0.0,4950544.16,4950544.16,1611
2011-12-28 00:00:00,792729079,Baby Food,255.28,5006,SAVE20,Lilongwe,792729079,Sub-Saharan Africa,Online,159.42,1277931.68,0.2,255586.336,1277931.68,1022345.344,2037
2014-08-21 00:00:00,308170640,Baby Food,255.28,3395,,Harare,308170640,Sub-Saharan Africa,Offline,159.42,866675.6,0.0,0.0,866675.6,866675.6,1070
2014-08-21 00:00:00,106578814,Vegetables,154.06,7894,,Dushanbe,106578814,Asia,Online,90.93,1216149.64,0.0,0.0,1216149.6400000001,1216149.6400000001,1070
2014-03-02 00:00:00,761439931,Cereal,205.7,5851,,Czech Republic,761439931,Europe,Online,117.11,1203550.7,0.0,0.0,1203550.7,1203550.7,1242
2012-09-06 00:00:00,216552817,Household,668.27,1646,,Port Louis,216552817,Sub-Saharan Africa,Online,502.54,1099972.42,0.0,0.0,1099972.42,1099972.42,1784
2010-09-16 00:00:00,536028802,Fruits,9.33,1689,,Maseru,536028802,Sub-Saharan Africa,Online,6.92,15758.37,0.0,0.0,15758.37,15758.37,2505
2013-08-13 00:00:00,254291713,Beverages,47.45,9424,NOCODE,Bamako,254291713,Sub-Saharan Africa,Online,31.79,447168.8,0.0,0.0,447168.80000000005,447168.80000000005,1443
2012-09-11 00:00:00,226077878,Personal Care,81.73,323,FREESHIP15,Tbilisi,226077878,Europe,Online,56.67,26398.79,0.0,0.0,26398.79,26398.79,1779
2011-08-31 00:00:00,476436126,Office Supplies,651.21,6892,SAVE20,Tirana,476436126,Europe,Offline,524.96,4488139.32,0.2,897627.8640000001,4488139.32,3590511.4560000002,2156
2015-04-21 00:00:00,650727784,Cosmetics,437.2,3667,,Nicosia,650727784,Europe,Offline,263.33,1603212.4,0.0,0.0,1603212.4,1603212.4,827
2010-07-11 00:00:00,464626681,Household,668.27,2215,FREESHIP15,Saint Kitts and Nevis,464626681,Central America and the Caribbean,Offline,502.54,1480218.05,0.0,0.0,1480218.05,1480218.05,2572
2015-08-09 00:00:00,154119145,Meat,421.89,6135,,Tunis,154119145,Middle East and North Africa,Offline,364.69,2588295.15,0.0,0.0,2588295.15,2588295.15,717
2015-10-17 00:00:00,925504004,Meat,421.89,6057,FREESHIP15,Havana,925504004,Central America and the Caribbean,Online,364.69,2555387.73,0.0,0.0,2555387.73,2555387.73,648
2012-07-24 00:00:00,905392587,Cereal,205.7,4641,,Tarawa,905392587,Australia and Oceania,Offline,117.11,954653.7,0.0,0.0,954653.7,954653.7,1828
2012-03-25 00:00:00,990708720,Snacks,152.58,1581,,Phnom Penh,990708720,Asia,Online,97.44,241228.98,0.0,0.0,241228.98,241228.98,1949
2014-08-11 00:00:00,798688733,Baby Food,255.28,8600,,Chisinau,798688733,Europe,Online,159.42,2195408.0,0.0,0.0,2195408.0,2195408.0,1080
2016-10-15 00:00:00,916881453,Cereal,205.7,4452,,Tashkent,916881453,Asia,Offline,117.11,915776.4,0.0,0.0,915776.3999999999,915776.3999999999,284
2016-12-03 00:00:00,653148210,Cosmetics,437.2,9924,SAVE10,New Delhi,653148210,Asia,Offline,263.33,4338772.8,0.1,433877.28,4338772.8,3904895.52,235
2010-06-12 00:00:00,285662829,Personal Care,81.73,2834,,Berlin,285662829,Europe,Offline,56.67,231622.82,0.0,0.0,231622.82,231622.82,2601
2016-07-29 00:00:00,612911641,Vegetables,154.06,3030,,Vienna,612911641,Europe,Online,90.93,466801.8,0.0,0.0,466801.8,466801.8,362
2013-12-09 00:00:00,703693473,Office Supplies,651.21,7391,,Berlin,703693473,Europe,Offline,524.96,4813093.11,0.0,0.0,4813093.11,4813093.11,1325
2012-07-12 00:00:00,147119653,Clothes,109.28,4829,SAVE20,Thimphu,147119653,Asia,Online,35.84,527713.12,0.2,105542.62400000001,527713.12,422170.49600000004,1840
2012-01-14 00:00:00,402614009,Fruits,9.33,1287,,Bishkek,402614009,Asia,Online,6.92,12007.71,0.0,0.0,12007.710000000001,12007.710000000001,2020
2013-03-20 00:00:00,749912869,Personal Care,81.73,4738,FREESHIP15,Mogadishu,749912869,Middle East and North Africa,Online,56.67,387236.74,0.0,0.0,387236.74,387236.74,1589
2014-02-10 00:00:00,539065062,Household,668.27,186,,Castries,539065062,Central America and the Caribbean,Online,502.54,124298.22,0.0,0.0,124298.22,124298.22,1262
2013-10-26 00:00:00,540431916,Snacks,152.58,4668,,Yerevan,540431916,Europe,Offline,97.44,712243.44,0.0,0.0,712243.4400000001,712243.4400000001,1369
2016-04-16 00:00:00,694687259,Beverages,47.45,2252,SAVE10,Ottawa,694687259,North America,Online,31.79,106857.4,0.1,10685.740000000002,106857.40000000001,96171.66,466
2011-05-27 00:00:00,562817418,Cosmetics,437.2,9036,,Bujumbura,562817418,Sub-Saharan Africa,Offline,263.33,3950539.2,0.0,0.0,3950539.1999999997,3950539.1999999997,2252
2016-08-04 00:00:00,676121222,Cereal,205.7,8149,SAVE10,Vaduz,676121222,Europe,Online,117.11,1676249.3,0.1,167624.93,1676249.2999999998,1508624.3699999999,356
2012-07-03 00:00:00,286210000,Snacks,152.58,4754,,Tunis,286210000,Middle East and North Africa,Offline,97.44,725365.32,0.0,0.0,725365.3200000001,725365.3200000001,1849
2014-12-04 00:00:00,515007579,Beverages,47.45,1042,SAVE10,Baghdad,515007579,Middle East and North Africa,Online,31.79,49442.9,0.1,4944.290000000001,49442.9,44498.61,965
2010-05-31 00:00:00,304750287,Cosmetics,437.2,1237,SAVE10,Jakarta,304750287,Asia,Offline,263.33,540816.4,0.1,54081.64000000001,540816.4,486734.76,2613
2013-02-05 00:00:00,467986953,Beverages,47.45,6594,FREESHIP15,Nur-Sultan,467986953,Asia,Online,31.79,312885.3,0.0,0.0,312885.30000000005,312885.30000000005,1632
2015-06-15 00:00:00,537578904,Beverages,47.45,399,,Copenhagen,537578904,Europe,Offline,31.79,18932.55,0.0,0.0,18932.550000000003,18932.550000000003,772
2014-10-21 00:00:00,116699969,Vegetables,154.06,2969,NOCODE,Luxembourg,116699969,Europe,Offline,90.93,457404.14,0.0,0.0,457404.14,457404.14,1009
2017-02-13 00:00:00,228836476,Snacks,152.58,6653,,Cape Verde,228836476,Sub-Saharan Africa,Offline,97.44,1015114.74,0.0,0.0,1015114.7400000001,1015114.7400000001,163
2010-06-29 00:00:00,167787253,Vegetables,154.06,832,SAVE10,Ngerulmud,167787253,Australia and Oceania,Offline,90.93,128177.92,0.1,12817.792000000001,128177.92,115360.128,2584
2014-05-19 00:00:00,647663629,Vegetables,154.06,6915,FREESHIP15,Canberra,647663629,Australia and Oceania,Online,90.93,1065324.9,0.0,0.0,1065324.9,1065324.9,1164
2015-03-21 00:00:00,652889430,Meat,421.89,3346,SAVE20,Managua,652889430,Central America and the Caribbean,Offline,364.69,1411643.94,0.2,282328.788,1411643.94,1129315.152,858
2015-08-31 00:00:00,588200986,Office Supplies,651.21,598,SAVE20,Vientiane,588200986,Asia,Offline,524.96,389423.58,0.2,77884.716,389423.58,311538.864,695
2015-08-23 00:00:00,928647124,Personal Care,81.73,6176,NOCODE,Havana,928647124,Central America and the Caribbean,Online,56.67,504764.48,0.0,0.0,504764.48000000004,504764.48000000004,703
2016-02-24 00:00:00,869589173,Cosmetics,437.2,9615,,Chisinau,869589173,Europe,Offline,263.33,4203678.0,0.0,0.0,4203678.0,4203678.0,518
2015-06-17 00:00:00,576700961,Household,668.27,7485,NOCODE,Damascus,576700961,Middle East and North Africa,Online,502.54,5002000.95,0.0,0.0,5002000.95,5002000.95,770
2012-11-27 00:00:00,735968816,Cereal,205.7,8382,SAVE20,The Bahamas,735968816,Central America and the Caribbean,Offline,117.11,1724177.4,0.2,344835.48,1724177.4,1379341.92,1702
2012-09-07 00:00:00,303691565,Snacks,152.58,7938,,Minsk,303691565,Europe,Offline,97.44,1211180.04,0.0,0.0,1211180.04,1211180.04,1783
2012-06-23 00:00:00,556480538,Clothes,109.28,3812,,Abu Dhabi,556480538,Middle East and North Africa,Offline,35.84,416575.36,0.0,0.0,416575.36,416575.36,1859
2014-10-23 00:00:00,141259562,Beverages,47.45,698,,Luanda,141259562,Sub-Saharan Africa,Offline,31.79,33120.1,0.0,0.0,33120.1,33120.1,1007
2015-09-18 00:00:00,925264966,Cosmetics,437.2,5320,SAVE10,Havana,925264966,Central America and the Caribbean,Offline,263.33,2325904.0,0.1,232590.40000000002,2325904.0,2093313.6,677
2016-01-24 00:00:00,346045577,Office Supplies,651.21,1431,,Kyiv,346045577,Europe,Online,524.96,931881.51,0.0,0.0,931881.51,931881.51,549
2010-03-23 00:00:00,861462724,Fruits,9.33,4818,,Maputo,861462724,Sub-Saharan Africa,Offline,6.92,44951.94,0.0,0.0,44951.94,44951.94,2682
2012-07-26 00:00:00,499690234,Personal Care,81.73,8299,,Yerevan,499690234,Europe,Online,56.67,678277.27,0.0,0.0,678277.27,678277.27,1826
2015-10-20 00:00:00,509214437,Clothes,109.28,6722,SAVE20,Sisimiut,509214437,North America,Online,35.84,734580.16,0.2,146916.032,734580.16,587664.128,645
2017-06-27 00:00:00,408834159,Office Supplies,651.21,1968,SAVE10,Saint Kitts and Nevis,408834159,Central America and the Caribbean,Online,524.96,1281581.28,0.1,128158.12800000001,1281581.28,1153423.152,29
2016-04-04 00:00:00,237660729,Beverages,47.45,7946,,Vatican City,237660729,Europe,Offline,31.79,377037.7,0.0,0.0,377037.7,377037.7,478
2015-08-05 00:00:00,105117976,Clothes,109.28,5600,FREESHIP15,Kyiv,105117976,Europe,Online,35.84,611968.0,0.0,0.0,611968.0,611968.0,721
2012-06-16 00:00:00,640942227,Cereal,205.7,7903,FREESHIP15,Niamey,640942227,Sub-Saharan Africa,Offline,117.11,1625647.1,0.0,0.0,1625647.0999999999,1625647.0999999999,1866
2016-04-03 00:00:00,745182311,Cosmetics,437.2,4860,FREESHIP15,Myanmar,745182311,Asia,Online,263.33,2124792.0,0.0,0.0,2124792.0,2124792.0,479
2014-09-21 00:00:00,738199555,Baby Food,255.28,8508,SAVE10,Conakry,738199555,Sub-Saharan Africa,Offline,159.42,2171922.24,0.1,217192.22400000005,2171922.24,1954730.0160000003,1039
2015-08-08 00:00:00,110667788,Snacks,152.58,7913,,Bissau,110667788,Sub-Saharan Africa,Online,97.44,1207365.54,0.0,0.0,1207365.54,1207365.54,718
2012-07-19 00:00:00,673573338,Office Supplies,651.21,4174,NOCODE,Juba,673573338,Sub-Saharan Africa,Online,524.96,2718150.54,0.0,0.0,2718150.54,2718150.54,1833
2011-08-26 00:00:00,708215034,Snacks,152.58,5421,,Ankara,708215034,Middle East and North Africa,Offline,97.44,827136.18,0.0,0.0,827136.18,827136.18,2161
2012-06-23 00:00:00,816204202,Household,668.27,1816,,Ngerulmud,816204202,Australia and Oceania,Online,502.54,1213578.32,0.0,0.0,1213578.32,1213578.32,1859
2011-11-20 00:00:00,769464671,Beverages,47.45,550,SAVE20,Warsaw,769464671,Europe,Offline,31.79,26097.5,0.2,5219.5,26097.5,20878.0,2075
2015-05-13 00:00:00,860232770,Beverages,47.45,848,NOCODE,Kuala Lumpur,860232770,Asia,Offline,31.79,40237.6,0.0,0.0,40237.600000000006,40237.600000000006,805
2010-07-16 00:00:00,551057326,Personal Care,81.73,8963,,United States of America,551057326,North America,Offline,56.67,732545.99,0.0,0.0,732545.99,732545.99,2567
2016-05-21 00:00:00,724799668,Cosmetics,437.2,3183,SAVE20,Bern,724799668,Europe,Online,263.33,1391607.6,0.2,278321.51999999996,1391607.5999999999,1113286.0799999998,431
2011-04-22 00:00:00,534633624,Cosmetics,437.2,8825,,Port Moresby,534633624,Australia and Oceania,Offline,263.33,3858290.0,0.0,0.0,3858290.0,3858290.0,2287
2012-08-14 00:00:00,554045522,Beverages,47.45,3237,FREESHIP15,Windhoek,554045522,Sub-Saharan Africa,Offline,31.79,153595.65,0.0,0.0,153595.65000000002,153595.65000000002,1807
2012-03-17 00:00:00,526834189,Clothes,109.28,799,,Dublin,526834189,Europe,Online,35.84,87314.72,0.0,0.0,87314.72,87314.72,1957
2010-08-06 00:00:00,717110955,Household,668.27,7922,FREESHIP15,Maputo,717110955,Sub-Saharan Africa,Online,502.54,5294034.94,0.0,0.0,5294034.9399999995,5294034.9399999995,2546
2013-02-25 00:00:00,559299647,Baby Food,255.28,8049,SAVE10,Democratic Republic of the Congo,559299647,Sub-Saharan Africa,Offline,159.42,2054748.72,0.1,205474.872,2054748.72,1849273.848,1612
2011-03-06 00:00:00,908136594,Meat,421.89,6654,,United States of America,908136594,North America,Online,364.69,2807256.06,0.0,0.0,2807256.06,2807256.06,2334
2015-12-14 00:00:00,888670623,Office Supplies,651.21,6240,SAVE20,Baku,888670623,Middle East and North Africa,Offline,524.96,4063550.4,0.2,812710.0800000001,4063550.4000000004,3250840.3200000003,590
2017-02-10 00:00:00,146263062,Office Supplies,651.21,1345,SAVE20,Brussels,146263062,Europe,Offline,524.96,875877.45,0.2,175175.49000000002,875877.4500000001,700701.9600000001,166
2016-09-20 00:00:00,196587741,Office Supplies,651.21,3536,,Taipei,196587741,Asia,Offline,524.96,2302678.56,0.0,0.0,2302678.56,2302678.56,309
2010-04-30 00:00:00,375630986,Baby Food,255.28,6411,FREESHIP15,Panama City,375630986,Central America and the Caribbean,Online,159.42,1636600.08,0.0,0.0,1636600.08,1636600.08,2644
2013-06-25 00:00:00,989691627,Beverages,47.45,600,,Andorra la Vella,989691627,Europe,Offline,31.79,28470.0,0.0,0.0,28470.0,28470.0,1492
2012-07-04 00:00:00,165380990,Household,668.27,8765,,Tbilisi,165380990,Europe,Offline,502.54,5857386.55,0.0,0.0,5857386.55,5857386.55,1848
2013-09-21 00:00:00,599622905,Snacks,152.58,597,SAVE10,Bridgetown,599622905,Central America and the Caribbean,Online,97.44,91090.26,0.1,9109.026000000002,91090.26000000001,81981.23400000001,1404
2016-12-08 00:00:00,109653699,Personal Care,81.73,7821,NOCODE,Stockholm,109653699,Europe,Offline,56.67,639210.33,0.0,0.0,639210.3300000001,639210.3300000001,230
2011-09-02 00:00:00,183022201,Meat,421.89,9191,,Algiers,183022201,Middle East and North Africa,Offline,364.69,3877590.99,0.0,0.0,3877590.9899999998,3877590.9899999998,2154
2011-03-21 00:00:00,127589738,Personal Care,81.73,5494,SAVE20,Rome,127589738,Europe,Online,56.67,449024.62,0.2,89804.924,449024.62,359219.696,2319
2011-01-08 00:00:00,221530139,Fruits,9.33,4546,NOCODE,Moscow,221530139,Europe,Offline,6.92,42414.18,0.0,0.0,42414.18,42414.18,2391
2015-02-22 00:00:00,363329732,Office Supplies,651.21,6197,,Antigua and Barbuda,363329732,Central America and the Caribbean,Offline,524.96,4035548.37,0.0,0.0,4035548.37,4035548.37,885
2017-05-15 00:00:00,521787345,Fruits,9.33,7325,,Amman,521787345,Middle East and North Africa,Online,6.92,68342.25,0.0,0.0,68342.25,68342.25,72
